UserID,Accuracy,Precision,Recall,F1-Score
1173759,0.3333333333333333,0.20833333333333334,0.3333333333333333,0.2333333333333333
1147051,0.5,0.25,0.5,0.3333333333333333
1174133,0.3333333333333333,0.16666666666666666,0.3333333333333333,0.2222222222222222
1196521,0.0,0.0,0.0,0.0
1182360,0.5,0.25,0.5,0.3333333333333333
1185156,0.5,0.5833333333333334,0.5,0.4583333333333333
1097099,0.3333333333333333,0.1111111111111111,0.3333333333333333,0.16666666666666666
1099189,1.0,1.0,1.0,1.0
1009268,1.0,1.0,1.0,1.0
1122503,0.5,0.5277777777777778,0.5,0.4666666666666666
1211375,0.6666666666666666,0.8333333333333334,0.6666666666666666,0.6666666666666666
1199196,0.3333333333333333,0.375,0.3333333333333333,0.2888888888888889
1173535,0.4,0.4,0.4,0.4
1209326,1.0,1.0,1.0,1.0
1004834,0.4444444444444444,0.35714285714285715,0.4444444444444444,0.37575757575757573
1080882,1.0,1.0,1.0,1.0
1155499,0.5,0.25,0.5,0.3333333333333333
1261858,0.6666666666666666,0.5555555555555555,0.6666666666666666,0.6
1378828,0.75,0.5833333333333333,0.75,0.65
1188869,0.2,0.06666666666666667,0.2,0.1
1159566,0.5,0.25,0.5,0.3333333333333333
1196804,1.0,1.0,1.0,1.0
1011504,0.42857142857142855,0.31428571428571433,0.42857142857142855,0.35714285714285715
1033786,0.6,0.4666666666666666,0.6,0.52
1107275,0.25,0.08333333333333333,0.25,0.125
1141339,0.3333333333333333,0.4166666666666667,0.3333333333333333,0.3666666666666667
1837896,0.6666666666666666,0.5,0.6666666666666666,0.5555555555555555
1849250,0.5,0.25,0.5,0.3333333333333333
1269177,0.16666666666666666,0.08333333333333333,0.16666666666666666,0.1111111111111111
1525866,0.75,0.8333333333333333,0.75,0.7333333333333334
1005876,0.5714285714285714,0.5,0.5714285714285714,0.5306122448979592
1170224,0.0,0.0,0.0,0.0
1075311,0.375,0.275,0.375,0.3125
1040098,1.0,1.0,1.0,1.0
1367299,0.2857142857142857,0.10714285714285714,0.2857142857142857,0.15238095238095237
1253490,0.6666666666666666,0.8333333333333334,0.6666666666666666,0.6666666666666666
1072218,0.3333333333333333,0.1111111111111111,0.3333333333333333,0.16666666666666666
1132390,0.375,0.1875,0.375,0.25
1206566,0.5,0.25,0.5,0.3333333333333333
1207365,0.5,0.375,0.5,0.41666666666666663
1195662,0.5555555555555556,0.30864197530864196,0.5555555555555556,0.39682539682539686
1181876,0.4,0.2,0.4,0.26666666666666666
1225099,0.3333333333333333,0.2619047619047619,0.3333333333333333,0.2666666666666667
1262657,0.6666666666666666,0.4444444444444444,0.6666666666666666,0.5333333333333333
1149997,0.2,0.4,0.2,0.26666666666666666
1150912,0.5,0.27777777777777773,0.5,0.35000000000000003
1220515,0.5,0.25,0.5,0.3333333333333333
1020429,0.5,0.3,0.5,0.375
1188903,0.0,0.0,0.0,0.0
1241176,0.6666666666666666,0.4444444444444444,0.6666666666666666,0.5333333333333333
1004747,0.25,0.0625,0.25,0.1
1194417,0.5,0.3229166666666667,0.5,0.3839285714285714
1205988,0.0,0.0,0.0,0.0
1221377,0.0,0.0,0.0,0.0
1273054,0.5,0.375,0.5,0.41666666666666663
1179490,0.6,0.45,0.6,0.5142857142857142
1221974,0.0,0.0,0.0,0.0
1190673,0.3333333333333333,0.6666666666666666,0.3333333333333333,0.4444444444444444
1201822,0.4,0.2333333333333333,0.4,0.29333333333333333
1214247,1.0,1.0,1.0,1.0
1616024,0.25,0.25,0.25,0.25
1195528,0.0,0.0,0.0,0.0
1178254,0.3333333333333333,0.1111111111111111,0.3333333333333333,0.16666666666666666
1000065,0.4,0.30476190476190473,0.4,0.33246753246753247
1019668,0.375,0.275,0.375,0.3125
1265282,0.3333333333333333,0.1111111111111111,0.3333333333333333,0.16666666666666666
1190760,1.0,1.0,1.0,1.0
1201527,0.3333333333333333,0.3333333333333333,0.3333333333333333,0.3333333333333333
1129796,1.0,1.0,1.0,1.0
1127342,0.4,0.26666666666666666,0.4,0.3
1132582,0.0,0.0,0.0,0.0
1386849,0.5,0.4666666666666666,0.5,0.41269841269841273
1214556,0.6666666666666666,0.5,0.6666666666666666,0.5555555555555555
1199660,0.5714285714285714,0.6428571428571429,0.5714285714285714,0.5
1616652,0.3333333333333333,0.3333333333333333,0.3333333333333333,0.3333333333333333
1008526,0.3333333333333333,0.2222222222222222,0.3333333333333333,0.25
1000079,0.6666666666666666,0.5,0.6666666666666666,0.5555555555555555
1075760,1.0,1.0,1.0,1.0
1138474,0.5,0.3333333333333333,0.5,0.375
1234112,0.4,0.3,0.4,0.34285714285714286
1151823,0.2857142857142857,0.2857142857142857,0.2857142857142857,0.2857142857142857
1254539,0.2,0.13333333333333333,0.2,0.16
1103303,1.0,1.0,1.0,1.0
1209980,0.0,0.0,0.0,0.0
1263035,0.5,0.3333333333333333,0.5,0.4000000000000001
1084541,0.4,0.16,0.4,0.22857142857142856
1050928,0.6666666666666666,0.6666666666666666,0.6666666666666666,0.6666666666666666
1239693,0.6,0.5,0.6,0.5333333333333333
1006433,0.3333333333333333,0.26666666666666666,0.3333333333333333,0.2962962962962963
1677613,0.6666666666666666,0.5,0.6666666666666666,0.5555555555555555
1051351,0.0,0.0,0.0,0.0
1778980,0.0,0.0,0.0,0.0
1210918,0.75,0.5625,0.75,0.6428571428571428
1165827,0.0,0.0,0.0,0.0
1165912,0.5,0.25,0.5,0.3333333333333333
1148778,0.8,1.0,0.8,0.8666666666666666
1674055,0.8333333333333334,0.8666666666666667,0.8333333333333334,0.8148148148148148
1182772,0.3333333333333333,0.3333333333333333,0.3333333333333333,0.3333333333333333
1067681,0.8,0.8666666666666666,0.8,0.7866666666666667
1216253,0.5,0.25,0.5,0.3333333333333333
1070803,0.3333333333333333,0.1111111111111111,0.3333333333333333,0.16666666666666666
1240817,0.4,0.16,0.4,0.22857142857142856
1163129,0.3333333333333333,0.3194444444444444,0.3333333333333333,0.3166666666666667
1224705,0.0,0.0,0.0,0.0
1982197,1.0,1.0,1.0,1.0
1219798,0.25,0.25,0.25,0.25
1151914,0.16666666666666666,0.05555555555555555,0.16666666666666666,0.08333333333333333
1221749,0.5,0.25,0.5,0.3333333333333333
1204999,0.0,0.0,0.0,0.0
1148875,0.6666666666666666,0.4583333333333333,0.6666666666666666,0.5396825396825397
1276014,0.6666666666666666,0.5694444444444444,0.6666666666666666,0.5754985754985755
1049043,0.5,0.25,0.5,0.3333333333333333
1188606,0.3333333333333333,0.16666666666666666,0.3333333333333333,0.2222222222222222
1054763,0.5,0.3,0.5,0.375
1223761,0.3333333333333333,0.3333333333333333,0.3333333333333333,0.3333333333333333
1003868,0.5,0.25,0.5,0.3333333333333333
1152133,0.3333333333333333,0.2222222222222222,0.3333333333333333,0.26666666666666666
1154192,0.5,0.5,0.5,0.5
1001445,0.5,0.3333333333333333,0.5,0.4
1212264,0.5,0.5555555555555555,0.5,0.47222222222222215
1006401,0.5,0.375,0.5,0.42857142857142855
1912073,1.0,1.0,1.0,1.0
1228204,0.6666666666666666,0.8333333333333334,0.6666666666666666,0.6666666666666666
1010923,0.0,0.0,0.0,0.0
1940727,0.6666666666666666,0.8333333333333334,0.6666666666666666,0.6666666666666666
1176663,0.16666666666666666,0.05555555555555555,0.16666666666666666,0.08333333333333333
1188615,0.375,0.625,0.375,0.3666666666666667
1005311,0.42857142857142855,0.38095238095238093,0.42857142857142855,0.39999999999999997
1198500,1.0,1.0,1.0,1.0
1151913,0.16666666666666666,0.25,0.16666666666666666,0.20000000000000004
1205902,0.25,0.16666666666666666,0.25,0.2
1237455,0.25,0.16666666666666666,0.25,0.2
1003734,0.25,0.15000000000000002,0.25,0.1875
1217196,0.5,0.25,0.5,0.3333333333333333
1227025,1.0,1.0,1.0,1.0
1230088,0.8,0.64,0.8,0.711111111111111
1213942,0.16666666666666666,0.08333333333333333,0.16666666666666666,0.1111111111111111
1359739,0.6666666666666666,0.8333333333333334,0.6666666666666666,0.6666666666666666
1034776,0.25,0.08333333333333333,0.25,0.125
1135250,0.5,0.25,0.5,0.3333333333333333
1059953,0.25,0.5,0.25,0.3333333333333333
1112404,0.16666666666666666,0.16666666666666666,0.16666666666666666,0.16666666666666666
1213721,0.2,0.06666666666666667,0.2,0.1
1214963,0.5,0.25,0.5,0.3333333333333333
1163593,0.5,0.25,0.5,0.3333333333333333
1903513,1.0,1.0,1.0,1.0
1120824,0.6,0.4,0.6,0.4666666666666666
1038926,0.5,0.5,0.5,0.5
1084761,1.0,1.0,1.0,1.0
1210483,0.0,0.0,0.0,0.0
1186101,0.3333333333333333,0.25,0.3333333333333333,0.27777777777777773
1076431,0.6666666666666666,0.4444444444444444,0.6666666666666666,0.5333333333333333
1201396,0.4,0.3,0.4,0.34285714285714286
1222453,0.6666666666666666,0.6666666666666666,0.6666666666666666,0.6666666666666666
1191224,0.6,0.6666666666666667,0.6,0.5666666666666667
1199595,1.0,1.0,1.0,1.0
1076297,0.2857142857142857,0.23809523809523808,0.2857142857142857,0.2571428571428572
1215960,0.5,0.25,0.5,0.3333333333333333
1249904,0.3333333333333333,0.1111111111111111,0.3333333333333333,0.16666666666666666
1188640,0.3333333333333333,0.3333333333333333,0.3333333333333333,0.3333333333333333
1207298,0.42857142857142855,0.38095238095238093,0.42857142857142855,0.380952380952381
1197676,0.25,0.08333333333333333,0.25,0.125
1008483,0.5,0.25,0.5,0.3333333333333333
1083728,0.5,0.4166666666666667,0.5,0.4444444444444444
1135288,0.4,0.3,0.4,0.3333333333333333
1216268,0.5,0.25,0.5,0.3333333333333333
1181839,0.3333333333333333,0.25,0.3333333333333333,0.27777777777777773
1034838,1.0,1.0,1.0,1.0
1201130,0.6666666666666666,0.5,0.6666666666666666,0.5555555555555555
1162955,0.3333333333333333,0.16666666666666666,0.3333333333333333,0.2222222222222222
1206064,0.5,0.25,0.5,0.3333333333333333
1016381,0.375,0.31666666666666665,0.375,0.33035714285714285
1196484,0.3333333333333333,0.2222222222222222,0.3333333333333333,0.25925925925925924
1198940,0.4,0.4666666666666667,0.4,0.36666666666666664
1234339,1.0,1.0,1.0,1.0
1120474,0.0,0.0,0.0,0.0
1084790,0.3333333333333333,0.13333333333333333,0.3333333333333333,0.19047619047619047
1053694,0.5,0.25,0.5,0.3333333333333333
1126513,0.5,1.0,0.5,0.6666666666666666
1151866,0.0,0.0,0.0,0.0
1179059,0.4,0.2333333333333333,0.4,0.29333333333333333
1026102,0.6,0.36666666666666664,0.6,0.4533333333333333
1355602,0.8,0.9,0.8,0.8
1210920,0.5,0.25,0.5,0.3333333333333333
1149355,0.0,0.0,0.0,0.0
1067750,1.0,1.0,1.0,1.0
1088861,0.125,0.0625,0.125,0.08333333333333333
1055320,0.4,0.25,0.4,0.27999999999999997
1264770,0.4,0.3333333333333333,0.4,0.36
1208356,0.0,0.0,0.0,0.0
1194997,0.3333333333333333,0.5,0.3333333333333333,0.38888888888888884
1213347,0.2857142857142857,0.23809523809523808,0.2857142857142857,0.2571428571428572
1005854,0.16666666666666666,0.06666666666666667,0.16666666666666666,0.09523809523809523
1269329,0.5,0.5,0.5,0.5
1129715,1.0,1.0,1.0,1.0
1218169,0.5,0.3888888888888889,0.5,0.4166666666666667
1052203,0.3333333333333333,0.1111111111111111,0.3333333333333333,0.16666666666666666
1103039,0.5,0.25,0.5,0.3333333333333333
1137546,0.25,0.0625,0.25,0.1
1950249,0.0,0.0,0.0,0.0
1198591,0.25,0.08333333333333333,0.25,0.125
1200494,1.0,1.0,1.0,1.0
1185372,0.4,0.35238095238095235,0.4,0.3485714285714286
1008977,0.0,0.0,0.0,0.0
1163982,1.0,1.0,1.0,1.0
1231553,0.75,0.5625,0.75,0.6428571428571428
1000085,0.5555555555555556,0.5925925925925926,0.5555555555555556,0.49259259259259264
1078943,1.0,1.0,1.0,1.0
1230516,0.6666666666666666,0.4444444444444444,0.6666666666666666,0.5333333333333333
1142171,0.42857142857142855,0.39999999999999997,0.42857142857142855,0.35374149659863946
1006889,0.3333333333333333,0.16666666666666666,0.3333333333333333,0.21666666666666667
1189331,1.0,1.0,1.0,1.0
1364903,0.6666666666666666,0.5,0.6666666666666666,0.5555555555555555
1154286,0.6666666666666666,0.8333333333333334,0.6666666666666666,0.6666666666666666
1220519,0.0,0.0,0.0,0.0
1923334,0.75,0.5833333333333333,0.75,0.65
1561132,0.2,0.13333333333333333,0.2,0.16
1005985,0.5,0.4666666666666666,0.5,0.41269841269841273
1354590,0.8,0.64,0.8,0.711111111111111
1223900,0.0,0.0,0.0,0.0
1098171,0.7142857142857143,0.9047619047619048,0.7142857142857143,0.7571428571428572
1181925,0.25,0.125,0.25,0.16666666666666666
1123339,0.2,0.13333333333333333,0.2,0.16
1078971,0.2,0.06666666666666667,0.2,0.1
1183751,0.2,0.2,0.2,0.2
1089077,0.2,0.13333333333333333,0.2,0.16
1193948,0.2,0.1,0.2,0.13333333333333333
1168139,0.25,0.08333333333333333,0.25,0.125
1005742,0.14285714285714285,0.09523809523809523,0.14285714285714285,0.1142857142857143
1132316,0.2,0.06666666666666667,0.2,0.1
1007627,0.5,0.25,0.5,0.3333333333333333
1163177,0.2,0.06666666666666667,0.2,0.1
1003586,0.6666666666666666,0.4444444444444444,0.6666666666666666,0.5333333333333333
1207713,0.4,0.4666666666666667,0.4,0.36666666666666664
1189883,0.6666666666666666,1.0,0.6666666666666666,0.7777777777777777
1026008,0.25,0.16666666666666666,0.25,0.2
1006959,0.0,0.0,0.0,0.0
1225431,0.16666666666666666,0.06666666666666667,0.16666666666666666,0.09523809523809523
1000049,0.16666666666666666,0.08333333333333333,0.16666666666666666,0.1111111111111111
1065524,0.3333333333333333,0.1111111111111111,0.3333333333333333,0.16666666666666666
1194238,0.2,0.1,0.2,0.13333333333333333
1357616,0.16666666666666666,0.16666666666666666,0.16666666666666666,0.16666666666666666
1226159,0.6666666666666666,0.4444444444444444,0.6666666666666666,0.5333333333333333
1174245,0.25,0.08333333333333333,0.25,0.125
1026089,0.0,0.0,0.0,0.0
1003825,0.5,1.0,0.5,0.6666666666666666
1173835,1.0,1.0,1.0,1.0
1002252,0.5555555555555556,0.47619047619047616,0.5555555555555556,0.47138047138047134
1119586,0.5,0.25,0.5,0.3333333333333333
1204114,0.375,0.18333333333333335,0.375,0.24285714285714285
1066699,1.0,1.0,1.0,1.0
1199240,1.0,1.0,1.0,1.0
1211196,0.5,0.25,0.5,0.3333333333333333
1076345,1.0,1.0,1.0,1.0
1006385,0.4,0.16,0.4,0.22857142857142856
1231120,0.5,0.3333333333333333,0.5,0.4
1167049,0.2,0.1,0.2,0.13333333333333333
1215928,0.4,0.2633333333333333,0.4,0.2842857142857143
1035878,0.6,0.5,0.6,0.5333333333333333
1008716,0.3333333333333333,0.1111111111111111,0.3333333333333333,0.16666666666666666
1113478,0.6666666666666666,0.5,0.6666666666666666,0.5555555555555555
1004138,0.3333333333333333,0.25,0.3333333333333333,0.27777777777777773
1191876,0.25,0.125,0.25,0.16666666666666666
1228140,0.6666666666666666,0.4444444444444444,0.6666666666666666,0.5333333333333333
1284567,0.0,0.0,0.0,0.0
1167307,0.5,0.4166666666666667,0.5,0.4222222222222222
1177972,0.4,0.2333333333333333,0.4,0.29333333333333333
1145071,0.3333333333333333,0.16666666666666666,0.3333333333333333,0.2222222222222222
1126550,0.3333333333333333,0.3333333333333333,0.3333333333333333,0.3333333333333333
1198929,0.25,0.16666666666666666,0.25,0.2
1054739,0.5,0.3333333333333333,0.5,0.4
1153092,0.3333333333333333,0.2777777777777778,0.3333333333333333,0.2962962962962963
1001907,0.4444444444444444,0.42962962962962964,0.4444444444444444,0.4037037037037037
1042287,1.0,1.0,1.0,1.0
1136576,0.16666666666666666,0.08333333333333333,0.16666666666666666,0.1111111111111111
1181902,0.3333333333333333,0.2777777777777778,0.3333333333333333,0.28148148148148144
1061126,0.0,0.0,0.0,0.0
1109563,0.3333333333333333,0.6666666666666666,0.3333333333333333,0.4444444444444444
1359785,0.2857142857142857,0.2857142857142857,0.2857142857142857,0.2857142857142857
1413245,0.5,0.25,0.5,0.3333333333333333
1181209,0.25,0.125,0.25,0.16666666666666666
1013238,0.2,0.3,0.2,0.24000000000000005
1240520,0.25,0.5,0.25,0.3333333333333333
1005003,0.16666666666666666,0.041666666666666664,0.16666666666666666,0.06666666666666667
1191768,0.2,0.13333333333333333,0.2,0.16
1119385,1.0,1.0,1.0,1.0
1052594,0.25,0.25,0.25,0.25
1237232,0.6666666666666666,0.4444444444444444,0.6666666666666666,0.5333333333333333
1012922,0.3333333333333333,0.1111111111111111,0.3333333333333333,0.16666666666666666
1156991,0.16666666666666666,0.25,0.16666666666666666,0.20000000000000004
1218034,0.25,0.25,0.25,0.25
1013945,0.5,0.25,0.5,0.3333333333333333
1228440,0.6666666666666666,0.8333333333333334,0.6666666666666666,0.6666666666666666
1000858,0.25,0.16666666666666666,0.25,0.2
1266875,0.5,0.375,0.5,0.41666666666666663
1048267,0.2857142857142857,0.1098901098901099,0.2857142857142857,0.15873015873015875
1120789,0.16666666666666666,0.16666666666666666,0.16666666666666666,0.16666666666666666
1216873,0.25,0.2,0.25,0.2222222222222222
1006834,0.5,0.25,0.5,0.3333333333333333
1227382,1.0,1.0,1.0,1.0
1269648,0.2,0.1,0.2,0.13333333333333333
1000069,0.25,0.3125,0.25,0.275
1026469,1.0,1.0,1.0,1.0
1008513,0.5,0.25,0.5,0.3333333333333333
1281200,0.3333333333333333,0.16666666666666666,0.3333333333333333,0.2222222222222222
1032558,0.25,0.19791666666666666,0.25,0.19285714285714284
1076992,0.6666666666666666,0.5,0.6666666666666666,0.5555555555555555
1281978,0.3333333333333333,0.3333333333333333,0.3333333333333333,0.3333333333333333
1220762,0.5,0.25,0.5,0.3333333333333333
1137015,0.5,0.375,0.5,0.41666666666666663
1269363,0.0,0.0,0.0,0.0
1267664,0.5,0.25,0.5,0.3333333333333333
1026011,0.5,0.6666666666666666,0.5,0.5555555555555555
1029737,0.0,0.0,0.0,0.0
1293899,1.0,1.0,1.0,1.0
1004940,0.42857142857142855,0.18367346938775508,0.42857142857142855,0.2571428571428571
1235143,0.2,0.2,0.2,0.2
1216464,1.0,1.0,1.0,1.0
1399456,0.8,0.6666666666666666,0.8,0.72
1079507,0.0,0.0,0.0,0.0
1164287,0.16666666666666666,0.03333333333333333,0.16666666666666666,0.05555555555555555
1129369,0.5,0.375,0.5,0.41666666666666663
1014333,0.0,0.0,0.0,0.0
1021207,0.3333333333333333,0.1111111111111111,0.3333333333333333,0.16666666666666666
1088796,0.5,0.3333333333333333,0.5,0.4
1119384,0.2857142857142857,0.14285714285714285,0.2857142857142857,0.19047619047619047
1190619,0.3333333333333333,0.20833333333333334,0.3333333333333333,0.2333333333333333
1041747,0.2857142857142857,0.09523809523809523,0.2857142857142857,0.14285714285714285
1401843,0.6666666666666666,0.5416666666666666,0.6666666666666666,0.5952380952380952
1214369,0.25,0.25,0.25,0.25
1123248,0.3333333333333333,0.1111111111111111,0.3333333333333333,0.16666666666666666
1077974,0.3333333333333333,0.16666666666666666,0.3333333333333333,0.2222222222222222
1314425,0.6,0.9,0.6,0.6666666666666666
1106900,0.4,0.2,0.4,0.26666666666666666
1168040,0.0,0.0,0.0,0.0
1028226,0.5,0.5277777777777778,0.5,0.49206349206349204
1239690,0.75,0.5833333333333333,0.75,0.65
1006914,0.3333333333333333,0.1111111111111111,0.3333333333333333,0.16666666666666666
1778272,0.5,0.5,0.5,0.5
1153158,0.3333333333333333,0.4166666666666667,0.3333333333333333,0.3333333333333333
1207921,0.25,0.25,0.25,0.25
1210835,0.6666666666666666,0.4444444444444444,0.6666666666666666,0.5333333333333333
1215555,1.0,1.0,1.0,1.0
1921631,0.3333333333333333,0.1111111111111111,0.3333333333333333,0.16666666666666666
1189866,0.6,0.45,0.6,0.5142857142857142
1800807,0.0,0.0,0.0,0.0
1213092,0.6666666666666666,0.5,0.6666666666666666,0.5555555555555555
1177461,0.3333333333333333,0.3333333333333333,0.3333333333333333,0.3333333333333333
1092445,0.3333333333333333,0.25,0.3333333333333333,0.27777777777777773
1200897,0.25,0.125,0.25,0.16666666666666666
1103272,1.0,1.0,1.0,1.0
1784385,0.6666666666666666,0.5,0.6666666666666666,0.5555555555555555
1209864,0.14285714285714285,0.42857142857142855,0.14285714285714285,0.21428571428571427
1007104,0.5,0.47222222222222215,0.5,0.4166666666666667
1100074,0.3333333333333333,0.3333333333333333,0.3333333333333333,0.3333333333333333
1138072,0.6666666666666666,0.5,0.6666666666666666,0.5555555555555555
1175256,0.0,0.0,0.0,0.0
1262093,0.14285714285714285,0.09523809523809523,0.14285714285714285,0.1142857142857143
1084599,0.16666666666666666,0.16666666666666666,0.16666666666666666,0.16666666666666666
1225826,0.5,0.4166666666666667,0.5,0.4222222222222222
1225010,0.3333333333333333,0.1111111111111111,0.3333333333333333,0.16666666666666666
1119630,1.0,1.0,1.0,1.0
1184816,0.625,0.6607142857142857,0.625,0.5511363636363636
1133455,0.5,0.5833333333333334,0.5,0.4583333333333333
1000550,0.3333333333333333,0.3333333333333333,0.3333333333333333,0.3333333333333333
1269082,0.6666666666666666,0.5416666666666666,0.6666666666666666,0.5952380952380952
1205921,0.0,0.0,0.0,0.0
1182739,0.3333333333333333,0.1111111111111111,0.3333333333333333,0.16666666666666666
1003555,0.0,0.0,0.0,0.0
1097430,0.375,0.225,0.375,0.26785714285714285
1157582,0.0,0.0,0.0,0.0
1145449,0.5,0.25,0.5,0.3333333333333333
1004885,0.25,0.125,0.25,0.16666666666666666
1176053,0.4444444444444444,0.2777777777777778,0.4444444444444444,0.3418803418803419
1393931,0.6666666666666666,0.4444444444444444,0.6666666666666666,0.5333333333333333
1163757,0.4,0.2,0.4,0.26666666666666666
1065105,1.0,1.0,1.0,1.0
1578468,1.0,1.0,1.0,1.0
1355827,1.0,1.0,1.0,1.0
1149203,0.3333333333333333,0.1111111111111111,0.3333333333333333,0.16666666666666666
1222456,0.3333333333333333,0.1111111111111111,0.3333333333333333,0.16666666666666666
1084967,1.0,1.0,1.0,1.0
1222771,1.0,1.0,1.0,1.0
1098042,0.4,0.25,0.4,0.27999999999999997
1181614,0.3333333333333333,0.16666666666666666,0.3333333333333333,0.2222222222222222
1009849,0.3333333333333333,0.3333333333333333,0.3333333333333333,0.3333333333333333
1216240,1.0,1.0,1.0,1.0
1176728,0.2,0.04,0.2,0.06666666666666667
1006932,0.25,0.08333333333333333,0.25,0.125
1499704,0.5,0.25,0.5,0.3333333333333333
1248236,0.4,0.2,0.4,0.26666666666666666
1944469,0.0,0.0,0.0,0.0
1217395,0.4444444444444444,0.2222222222222222,0.4444444444444444,0.2962962962962963
1266191,0.5,0.5833333333333334,0.5,0.4583333333333333
1204564,0.0,0.0,0.0,0.0
1007656,0.25,0.16666666666666666,0.25,0.2
1204084,0.16666666666666666,0.05555555555555555,0.16666666666666666,0.08333333333333333
1026574,0.6666666666666666,0.4444444444444444,0.6666666666666666,0.5333333333333333
1098391,0.0,0.0,0.0,0.0
1004017,0.4,0.2,0.4,0.26666666666666666
1195101,0.5,0.25,0.5,0.3333333333333333
1230090,0.375,0.28125,0.375,0.31547619047619047
1623461,0.4,0.2,0.4,0.26666666666666666
1929768,0.3333333333333333,0.1111111111111111,0.3333333333333333,0.16666666666666666
1185024,0.6666666666666666,0.4444444444444444,0.6666666666666666,0.5333333333333333
1176698,0.2,0.06666666666666667,0.2,0.1
1367388,1.0,1.0,1.0,1.0
1187609,0.5,0.5555555555555556,0.5,0.4833333333333334
1364987,0.25,0.0625,0.25,0.1
1188855,0.5,0.33333333333333337,0.5,0.4
1134633,0.6,0.36,0.6,0.45
1280724,0.3333333333333333,0.16666666666666666,0.3333333333333333,0.2222222222222222
1097850,0.25,0.07142857142857142,0.25,0.1111111111111111
1355613,0.3333333333333333,0.3333333333333333,0.3333333333333333,0.3333333333333333
1003576,0.25,0.5,0.25,0.3333333333333333
1219863,0.3333333333333333,0.2222222222222222,0.3333333333333333,0.26666666666666666
1223731,0.4,0.2,0.4,0.26666666666666666
1044583,0.25,0.08333333333333333,0.25,0.125
1140417,1.0,1.0,1.0,1.0
1124626,0.3333333333333333,0.16666666666666666,0.3333333333333333,0.2222222222222222
1170710,0.3333333333333333,0.16666666666666666,0.3333333333333333,0.2222222222222222
1026807,0.6,0.36,0.6,0.45
1223728,0.3333333333333333,0.1111111111111111,0.3333333333333333,0.16666666666666666
1038692,0.3333333333333333,0.1111111111111111,0.3333333333333333,0.16666666666666666
1130116,0.75,0.5833333333333333,0.75,0.65
1150190,0.5,1.0,0.5,0.6666666666666666
1224918,0.25,0.08333333333333333,0.25,0.125
1765879,1.0,1.0,1.0,1.0
1090555,0.6,0.36,0.6,0.45
1643481,0.3333333333333333,0.1111111111111111,0.3333333333333333,0.16666666666666666
1543576,0.3333333333333333,0.1111111111111111,0.3333333333333333,0.16666666666666666
1280835,0.3333333333333333,0.4166666666666667,0.3333333333333333,0.3333333333333333
1722236,0.0,0.0,0.0,0.0
1010273,0.6666666666666666,0.4444444444444444,0.6666666666666666,0.5333333333333333
1002920,0.3333333333333333,0.3333333333333333,0.3333333333333333,0.3333333333333333
1354304,0.2,0.05,0.2,0.08
1194535,1.0,1.0,1.0,1.0
1156846,0.0,0.0,0.0,0.0
1135705,0.2,0.04,0.2,0.06666666666666667
1005309,0.16666666666666666,0.1111111111111111,0.16666666666666666,0.13333333333333333
1149309,0.3333333333333333,0.1111111111111111,0.3333333333333333,0.16666666666666666
1012982,0.3333333333333333,0.16666666666666666,0.3333333333333333,0.2222222222222222
1184694,0.4,0.16,0.4,0.22857142857142856
1004851,1.0,1.0,1.0,1.0
1106713,0.6,0.36,0.6,0.45
1010428,0.5,0.3333333333333333,0.5,0.4
1005000,0.4,0.3,0.4,0.3333333333333333
1057244,0.3333333333333333,0.25,0.3333333333333333,0.2857142857142857
1221460,0.5,0.3333333333333333,0.5,0.4000000000000001
1009687,0.3333333333333333,0.16666666666666666,0.3333333333333333,0.2222222222222222
1142118,0.6666666666666666,0.8333333333333334,0.6666666666666666,0.6666666666666666
1127770,1.0,1.0,1.0,1.0
1354021,0.3333333333333333,0.3333333333333333,0.3333333333333333,0.3333333333333333
1188937,0.25,0.25,0.25,0.25
1244340,0.5,0.25,0.5,0.3333333333333333
1187772,0.0,0.0,0.0,0.0
1208172,0.0,0.0,0.0,0.0
1234211,0.5,0.25,0.5,0.3333333333333333
1048526,0.4,0.2,0.4,0.26666666666666666
2010207,0.6666666666666666,0.4444444444444444,0.6666666666666666,0.5333333333333333
1054228,0.25,0.16666666666666666,0.25,0.2
1327698,0.0,0.0,0.0,0.0
1006416,0.16666666666666666,0.16666666666666666,0.16666666666666666,0.16666666666666666
1357946,0.3333333333333333,0.1111111111111111,0.3333333333333333,0.16666666666666666
1663206,1.0,1.0,1.0,1.0
1001964,0.3333333333333333,0.6666666666666666,0.3333333333333333,0.4444444444444444
1206291,0.16666666666666666,0.06666666666666667,0.16666666666666666,0.09523809523809523
1403057,0.3333333333333333,0.20000000000000004,0.3333333333333333,0.25
1019114,0.6666666666666666,0.5,0.6666666666666666,0.5555555555555555
1211352,0.0,0.0,0.0,0.0
1175329,0.6666666666666666,0.4444444444444444,0.6666666666666666,0.5333333333333333
1198930,0.6666666666666666,0.4444444444444444,0.6666666666666666,0.5333333333333333
1007716,0.375,0.375,0.375,0.375
1224886,0.2857142857142857,0.08163265306122448,0.2857142857142857,0.12698412698412698
1000559,0.14285714285714285,0.05714285714285715,0.14285714285714285,0.08163265306122448
1033853,0.5,0.375,0.5,0.41666666666666663
1221521,0.25,0.16666666666666666,0.25,0.2
1135617,0.5,0.25,0.5,0.3333333333333333
1134548,0.4,0.3333333333333333,0.4,0.36
1209719,0.5,0.25,0.5,0.3333333333333333
1088975,0.3333333333333333,0.3333333333333333,0.3333333333333333,0.3333333333333333
1091691,0.5,0.3333333333333333,0.5,0.375
1000227,0.25,0.13333333333333333,0.25,0.17142857142857143
1363856,0.6666666666666666,0.4444444444444444,0.6666666666666666,0.5333333333333333
1763122,0.5,0.25,0.5,0.3333333333333333
1940358,1.0,1.0,1.0,1.0
1076818,0.16666666666666666,0.16666666666666666,0.16666666666666666,0.16666666666666666
1011119,0.0,0.0,0.0,0.0
1118256,0.5,0.25,0.5,0.3333333333333333
1187707,0.3333333333333333,0.3333333333333333,0.3333333333333333,0.3333333333333333
1097470,0.25,0.125,0.25,0.16666666666666666
1099638,0.6,0.6,0.6,0.5333333333333333
1089038,0.5,0.3333333333333333,0.5,0.4
1162332,0.6666666666666666,0.5,0.6666666666666666,0.5555555555555555
1049544,0.3333333333333333,0.16666666666666666,0.3333333333333333,0.2222222222222222
1067661,0.0,0.0,0.0,0.0
1268856,0.5,0.25,0.5,0.3333333333333333
1118475,0.2,0.13333333333333333,0.2,0.16
1182006,0.25,0.16666666666666666,0.25,0.2
1060217,0.75,0.625,0.75,0.6666666666666666
1579761,0.3333333333333333,1.0,0.3333333333333333,0.5
1210023,0.6666666666666666,0.5,0.6666666666666666,0.5555555555555555
1075710,0.25,0.1,0.25,0.14285714285714285
1224634,0.6666666666666666,0.4444444444444444,0.6666666666666666,0.5333333333333333
1079580,0.3333333333333333,0.1111111111111111,0.3333333333333333,0.16666666666666666
1761188,0.75,0.5833333333333333,0.75,0.65
1213898,0.4,0.2,0.4,0.26666666666666666
1100584,0.3333333333333333,0.1111111111111111,0.3333333333333333,0.16666666666666666
1188626,0.3333333333333333,0.1111111111111111,0.3333333333333333,0.16666666666666666
1113279,0.16666666666666666,0.3333333333333333,0.16666666666666666,0.2222222222222222
1005081,0.25,0.25,0.25,0.25
1224821,0.25,0.0625,0.25,0.1
1083794,0.3333333333333333,0.16666666666666666,0.3333333333333333,0.2222222222222222
1111299,0.3333333333333333,0.16666666666666666,0.3333333333333333,0.2222222222222222
1219037,0.5,0.25,0.5,0.3333333333333333
1086562,0.7142857142857143,0.6666666666666666,0.7142857142857143,0.6476190476190476
1814566,0.0,0.0,0.0,0.0
1277691,0.3333333333333333,0.1111111111111111,0.3333333333333333,0.16666666666666666
1007186,0.2857142857142857,0.4571428571428572,0.2857142857142857,0.2619047619047619
1157219,0.5,0.25,0.5,0.3333333333333333
1266222,0.3333333333333333,0.1111111111111111,0.3333333333333333,0.16666666666666666
1218275,0.6666666666666666,0.8333333333333334,0.6666666666666666,0.6666666666666666
1014421,0.5,0.25,0.5,0.3333333333333333
1055586,0.3333333333333333,0.19444444444444442,0.3333333333333333,0.24444444444444446
1083991,1.0,1.0,1.0,1.0
1193982,0.6,0.36666666666666664,0.6,0.4533333333333333
1202807,0.4,0.16,0.4,0.22857142857142856
1399334,0.5,0.375,0.5,0.41666666666666663
1166811,0.6666666666666666,0.5,0.6666666666666666,0.5555555555555555
1234749,1.0,1.0,1.0,1.0
1244835,0.25,0.125,0.25,0.16666666666666666
1195546,0.25,0.125,0.25,0.16666666666666666
1694016,0.5,0.375,0.5,0.41666666666666663
1149952,0.5,0.6666666666666666,0.5,0.47222222222222215
1735467,0.16666666666666666,0.1111111111111111,0.16666666666666666,0.13333333333333333
1127180,0.6666666666666666,0.4444444444444444,0.6666666666666666,0.5333333333333333
1076051,0.5,0.25,0.5,0.3333333333333333
1188978,0.5,0.3333333333333333,0.5,0.4
1059340,0.4,0.2,0.4,0.26666666666666666
1226243,1.0,1.0,1.0,1.0
1234994,0.5,0.25,0.5,0.3333333333333333
1256482,0.6666666666666666,0.5,0.6666666666666666,0.5555555555555555
1041503,1.0,1.0,1.0,1.0
1198135,0.4,0.26666666666666666,0.4,0.3
1708225,0.5,0.25,0.5,0.3333333333333333
1006663,0.2,0.05,0.2,0.08
1164726,1.0,1.0,1.0,1.0
1064848,0.6666666666666666,0.8333333333333334,0.6666666666666666,0.6666666666666666
1178383,0.5,0.3333333333333333,0.5,0.375
1212199,0.0,0.0,0.0,0.0
1019248,0.6666666666666666,0.5,0.6666666666666666,0.5555555555555555
1007720,0.6,0.36,0.6,0.45
1230146,0.3333333333333333,0.1111111111111111,0.3333333333333333,0.16666666666666666
1136971,0.3333333333333333,0.16666666666666666,0.3333333333333333,0.2222222222222222
1150891,0.2,0.06666666666666667,0.2,0.1
1011337,0.6666666666666666,0.4444444444444444,0.6666666666666666,0.5333333333333333
1278676,0.0,0.0,0.0,0.0
1287231,0.0,0.0,0.0,0.0
1001491,0.0,0.0,0.0,0.0
1271440,0.2,0.2,0.2,0.2
1358558,0.6,0.36,0.6,0.45
1193902,0.42857142857142855,0.35714285714285715,0.42857142857142855,0.38775510204081637
1940054,0.5,0.25,0.5,0.3333333333333333
1065008,1.0,1.0,1.0,1.0
1846225,0.0,0.0,0.0,0.0
1153135,0.5,0.25,0.5,0.3333333333333333
1354649,0.75,0.5833333333333333,0.75,0.65
1261665,0.375,0.21428571428571427,0.375,0.2727272727272727
1220939,0.5,0.3333333333333333,0.5,0.4
2028191,0.6666666666666666,0.8333333333333334,0.6666666666666666,0.6666666666666666
1084123,0.5,0.25,0.5,0.3333333333333333
1163644,0.5,0.25,0.5,0.3333333333333333
1214616,0.5,0.625,0.5,0.5
1255892,0.16666666666666666,0.5,0.16666666666666666,0.25
1132313,0.5,0.25,0.5,0.3333333333333333
1136579,0.5,0.25,0.5,0.3333333333333333
1034818,0.3333333333333333,0.1111111111111111,0.3333333333333333,0.16666666666666666
1099598,0.5,0.5,0.5,0.4444444444444444
1008838,0.4,0.65,0.4,0.38
1035319,0.42857142857142855,0.5357142857142857,0.42857142857142855,0.47619047619047616
1239856,0.6666666666666666,0.6666666666666666,0.6666666666666666,0.6666666666666666
1040301,0.6666666666666666,0.5,0.6666666666666666,0.5555555555555555
1230441,0.5,0.5833333333333334,0.5,0.4583333333333333
1175143,0.6666666666666666,0.5,0.6666666666666666,0.5555555555555555
1213224,1.0,1.0,1.0,1.0
1290376,1.0,1.0,1.0,1.0
1028358,0.42857142857142855,0.34285714285714286,0.42857142857142855,0.38095238095238093
1219555,0.4,0.16,0.4,0.22857142857142856
1631748,0.16666666666666666,0.03333333333333333,0.16666666666666666,0.05555555555555555
1086882,0.4,0.2333333333333333,0.4,0.29333333333333333
1083894,0.14285714285714285,0.03571428571428571,0.14285714285714285,0.05714285714285715
1001876,0.2,0.1,0.2,0.13333333333333333
1362057,0.0,0.0,0.0,0.0
1114191,0.0,0.0,0.0,0.0
1985424,0.5,0.5,0.5,0.5
1277586,0.3333333333333333,0.20634920634920637,0.3333333333333333,0.24444444444444446
1003643,0.0,0.0,0.0,0.0
1973930,0.5,0.375,0.5,0.41666666666666663
1000180,0.14285714285714285,0.2857142857142857,0.14285714285714285,0.19047619047619047
1194145,0.6666666666666666,0.5,0.6666666666666666,0.5555555555555555
1000365,0.75,0.625,0.75,0.6666666666666666
1278582,0.25,0.0625,0.25,0.1
1232961,0.6666666666666666,0.5,0.6666666666666666,0.5555555555555555
1218347,0.3333333333333333,0.3333333333333333,0.3333333333333333,0.3333333333333333
1203607,0.25,0.125,0.25,0.16666666666666666
1256931,0.0,0.0,0.0,0.0
1139395,0.3333333333333333,0.1111111111111111,0.3333333333333333,0.16666666666666666
1129835,0.0,0.0,0.0,0.0
1066114,1.0,1.0,1.0,1.0
1118508,0.5,0.25,0.5,0.3333333333333333
1354504,0.3333333333333333,0.3333333333333333,0.3333333333333333,0.3333333333333333
1008678,1.0,1.0,1.0,1.0
1252032,0.2,0.3,0.2,0.24000000000000005
1365827,0.3333333333333333,0.3333333333333333,0.3333333333333333,0.3333333333333333
1009773,1.0,1.0,1.0,1.0
1034864,0.3333333333333333,0.16666666666666666,0.3333333333333333,0.2222222222222222
1395679,0.2,0.05,0.2,0.08
1035312,0.6666666666666666,0.4444444444444444,0.6666666666666666,0.5333333333333333
1199213,0.6,0.36,0.6,0.45
1102363,1.0,1.0,1.0,1.0
1226455,0.5,0.375,0.5,0.41666666666666663
1008464,0.5,0.5833333333333334,0.5,0.4583333333333333
1176868,0.25,0.3,0.25,0.23809523809523808
1126261,0.3333333333333333,0.27777777777777773,0.3333333333333333,0.3
1110161,0.3333333333333333,0.16666666666666666,0.3333333333333333,0.2222222222222222
1198726,0.3333333333333333,0.1111111111111111,0.3333333333333333,0.16666666666666666
1221268,0.25,0.25,0.25,0.25
1395880,0.5,0.25,0.5,0.3333333333333333
1187231,1.0,1.0,1.0,1.0
1272619,0.2,0.4,0.2,0.26666666666666666
1248077,0.0,0.0,0.0,0.0
1134456,0.25,0.2,0.25,0.21875
1223542,0.3333333333333333,0.1111111111111111,0.3333333333333333,0.16666666666666666
1220533,0.25,0.08333333333333333,0.25,0.125
1359570,0.2,0.06666666666666667,0.2,0.1
1204753,0.5,0.25,0.5,0.3333333333333333
1009552,0.6666666666666666,0.4444444444444444,0.6666666666666666,0.5333333333333333
1084817,1.0,1.0,1.0,1.0
1245200,0.0,0.0,0.0,0.0
1165234,0.16666666666666666,0.08333333333333333,0.16666666666666666,0.1111111111111111
1231291,0.0,0.0,0.0,0.0
1169405,0.25,0.16666666666666666,0.25,0.2
1188670,0.75,0.625,0.75,0.6666666666666666
1166974,0.6,0.45,0.6,0.5142857142857142
1182741,0.5,0.3333333333333333,0.5,0.4
1164348,0.0,0.0,0.0,0.0
1173088,0.5,0.25,0.5,0.3333333333333333
1112186,0.5,0.25,0.5,0.3333333333333333
1560412,0.5,0.25,0.5,0.3333333333333333
1137772,0.5,0.3,0.5,0.375
1894453,0.8,0.64,0.8,0.711111111111111
1317005,1.0,1.0,1.0,1.0
1221373,0.3333333333333333,0.1111111111111111,0.3333333333333333,0.16666666666666666
1137655,0.3333333333333333,0.16666666666666666,0.3333333333333333,0.2222222222222222
1099563,0.5,0.4166666666666667,0.5,0.4523809523809524
1084033,0.4,0.3333333333333333,0.4,0.36
1175938,0.3333333333333333,0.16666666666666666,0.3333333333333333,0.2222222222222222
1224377,0.6,0.36,0.6,0.45
1108464,0.5,0.25,0.5,0.3333333333333333
1000738,0.6666666666666666,0.4444444444444444,0.6666666666666666,0.5333333333333333
1224352,0.6666666666666666,0.5,0.6666666666666666,0.5555555555555555
1070670,0.2,0.13333333333333333,0.2,0.16
1000450,0.0,0.0,0.0,0.0
1176252,0.5714285714285714,0.32653061224489793,0.5714285714285714,0.4155844155844156
1107714,0.2857142857142857,0.14285714285714285,0.2857142857142857,0.19047619047619047
1222391,0.6,0.45,0.6,0.5142857142857142
1189733,0.16666666666666666,0.16666666666666666,0.16666666666666666,0.16666666666666666
1193620,0.4,0.25,0.4,0.27999999999999997
1001888,0.25,0.16666666666666666,0.25,0.2
1199234,0.5,0.25,0.5,0.3333333333333333
1006484,0.5,0.5,0.5,0.5
1317730,0.3333333333333333,0.16666666666666666,0.3333333333333333,0.2222222222222222
1218321,0.75,0.5833333333333333,0.75,0.65
1359705,0.375,0.375,0.375,0.375
1221369,0.2222222222222222,0.1111111111111111,0.2222222222222222,0.14814814814814814
1193698,0.0,0.0,0.0,0.0
1291402,0.6666666666666666,0.8333333333333334,0.6666666666666666,0.6666666666666666
1404675,0.3333333333333333,0.6666666666666666,0.3333333333333333,0.4444444444444444
1255349,0.25,0.0625,0.25,0.1
1361577,0.3333333333333333,0.16666666666666666,0.3333333333333333,0.2222222222222222
1107051,0.5,0.5,0.5,0.5
1366174,0.3333333333333333,0.16666666666666666,0.3333333333333333,0.2222222222222222
1222139,0.375,0.325,0.375,0.3472222222222222
1118368,0.5,0.25,0.5,0.3333333333333333
1264364,0.5,1.0,0.5,0.6666666666666666
1388223,0.3333333333333333,0.1111111111111111,0.3333333333333333,0.16666666666666666
1091882,0.5,0.5,0.5,0.5
1134620,0.16666666666666666,0.3333333333333333,0.16666666666666666,0.2222222222222222
1259253,0.3333333333333333,0.3333333333333333,0.3333333333333333,0.3333333333333333
1364432,0.8,0.7,0.8,0.7333333333333333
1107670,0.75,0.75,0.75,0.75
1077109,0.2,0.1,0.2,0.13333333333333333
1494337,0.6666666666666666,0.5,0.6666666666666666,0.5555555555555555
1258175,0.0,0.0,0.0,0.0
1257228,0.5,0.25,0.5,0.3333333333333333
1003716,0.0,0.0,0.0,0.0
1144757,0.6,0.4,0.6,0.4666666666666666
1356612,0.3333333333333333,0.20000000000000004,0.3333333333333333,0.25
1049351,0.0,0.0,0.0,0.0
1071205,0.6666666666666666,0.4444444444444444,0.6666666666666666,0.5333333333333333
2035408,0.3333333333333333,0.3333333333333333,0.3333333333333333,0.3333333333333333
1397793,0.5,0.25,0.5,0.3333333333333333
1003534,0.16666666666666666,0.16666666666666666,0.16666666666666666,0.16666666666666666
1218411,0.5,0.5833333333333334,0.5,0.4583333333333333
1121274,0.3333333333333333,0.3333333333333333,0.3333333333333333,0.3333333333333333
1268010,0.5,0.25,0.5,0.3333333333333333
1834637,0.0,0.0,0.0,0.0
1230409,0.5,0.6333333333333333,0.5,0.44047619047619047
1154061,0.0,0.0,0.0,0.0
1571308,0.6666666666666666,1.0,0.6666666666666666,0.8000000000000002
1123247,0.5,0.3333333333333333,0.5,0.4
1141030,0.4,0.5,0.4,0.4
1395496,0.14285714285714285,0.07142857142857142,0.14285714285714285,0.09523809523809523
1175257,1.0,1.0,1.0,1.0
1774909,1.0,1.0,1.0,1.0
1176754,0.6,0.6,0.6,0.5333333333333333
1220824,0.6666666666666666,0.5,0.6666666666666666,0.5555555555555555
1150869,0.2,0.1,0.2,0.13333333333333333
1222576,0.5,0.5,0.5,0.5
1182426,0.6666666666666666,0.5,0.6666666666666666,0.5555555555555555
1259023,0.4,0.25,0.4,0.27999999999999997
1400662,0.6,0.6,0.6,0.6
1055666,0.0,0.0,0.0,0.0
1198871,1.0,1.0,1.0,1.0
1104980,0.2,0.13333333333333333,0.2,0.16
1254169,0.0,0.0,0.0,0.0
1234167,0.0,0.0,0.0,0.0
1835557,0.3333333333333333,0.3333333333333333,0.3333333333333333,0.3333333333333333
1001343,0.6666666666666666,0.4444444444444444,0.6666666666666666,0.5333333333333333
1111718,0.5,0.47222222222222215,0.5,0.46666666666666673
1102774,0.25,0.375,0.25,0.30000000000000004
1279474,0.0,0.0,0.0,0.0
1280729,0.6666666666666666,0.4666666666666666,0.6666666666666666,0.5416666666666666
1270245,0.25,0.0625,0.25,0.1
1000568,0.3333333333333333,0.3333333333333333,0.3333333333333333,0.3333333333333333
1201917,0.0,0.0,0.0,0.0
2051913,0.3333333333333333,0.1111111111111111,0.3333333333333333,0.16666666666666666
1198868,0.4,0.5333333333333333,0.4,0.42666666666666664
1076614,0.0,0.0,0.0,0.0
1183150,1.0,1.0,1.0,1.0
1286373,0.2,0.06666666666666667,0.2,0.1
1280992,0.6666666666666666,0.4444444444444444,0.6666666666666666,0.5333333333333333
1399540,0.3333333333333333,0.3333333333333333,0.3333333333333333,0.3333333333333333
1813345,0.6,0.6,0.6,0.6
1722794,0.6666666666666666,0.5,0.6666666666666666,0.5555555555555555
1060323,0.3333333333333333,0.20000000000000004,0.3333333333333333,0.25
1772731,0.6666666666666666,0.5,0.6666666666666666,0.5555555555555555
1360783,0.6666666666666666,0.4444444444444444,0.6666666666666666,0.5333333333333333
1103648,0.3333333333333333,0.1111111111111111,0.3333333333333333,0.16666666666666666
1264634,0.5,0.8333333333333334,0.5,0.5
1234184,0.6666666666666666,0.5,0.6666666666666666,0.5555555555555555
1163035,1.0,1.0,1.0,1.0
1223557,0.2,0.13333333333333333,0.2,0.16
1076334,1.0,1.0,1.0,1.0
1365754,0.5,0.25,0.5,0.3333333333333333
1221981,0.3333333333333333,0.3333333333333333,0.3333333333333333,0.3333333333333333
1240492,0.25,0.08333333333333333,0.25,0.125
1357585,0.0,0.0,0.0,0.0
1649493,0.3333333333333333,0.3333333333333333,0.3333333333333333,0.3333333333333333
1244061,0.3333333333333333,0.3333333333333333,0.3333333333333333,0.3333333333333333
1186916,0.5,0.25,0.5,0.3333333333333333
1188827,0.3333333333333333,0.16666666666666666,0.3333333333333333,0.2222222222222222
1034927,0.2,0.1,0.2,0.13333333333333333
1080184,0.4,0.4666666666666667,0.4,0.36666666666666664
1181962,0.6666666666666666,0.4444444444444444,0.6666666666666666,0.5333333333333333
1055869,0.0,0.0,0.0,0.0
1067353,0.0,0.0,0.0,0.0
1223529,0.5,0.25,0.5,0.3333333333333333
1099454,0.0,0.0,0.0,0.0
1156873,1.0,1.0,1.0,1.0
1185180,0.25,0.16666666666666666,0.25,0.2
1211029,0.4,0.2,0.4,0.26666666666666666
1361638,0.5,0.375,0.5,0.41666666666666663
1000300,0.6666666666666666,0.6666666666666666,0.6666666666666666,0.6666666666666666
1095942,0.375,0.25,0.375,0.3
1321581,0.0,0.0,0.0,0.0
1098036,0.6,0.4666666666666666,0.6,0.52
1048436,0.0,0.0,0.0,0.0
1303678,0.0,0.0,0.0,0.0
1222721,0.4,0.16666666666666666,0.4,0.2333333333333333
1019849,0.125,0.16666666666666666,0.125,0.14285714285714285
1004019,0.6666666666666666,0.8333333333333334,0.6666666666666666,0.6666666666666666
1236162,0.6666666666666666,0.4444444444444444,0.6666666666666666,0.5333333333333333
1000232,0.3333333333333333,0.1111111111111111,0.3333333333333333,0.16666666666666666
1317322,0.5,0.5,0.5,0.46428571428571425
1420522,0.3333333333333333,0.16666666666666666,0.3333333333333333,0.2222222222222222
1136411,0.4,0.16,0.4,0.22857142857142856
1653339,0.6666666666666666,0.4444444444444444,0.6666666666666666,0.5333333333333333
1264564,0.75,0.625,0.75,0.6666666666666666
1042239,0.6666666666666666,0.5,0.6666666666666666,0.5555555555555555
1064762,0.0,0.0,0.0,0.0
1098683,0.4,0.4,0.4,0.37333333333333335
1266619,0.3333333333333333,0.25,0.3333333333333333,0.2857142857142857
1245073,0.8333333333333334,0.9166666666666666,0.8333333333333334,0.8492063492063492
1136247,0.75,0.8333333333333333,0.75,0.7333333333333334
1115871,0.0,0.0,0.0,0.0
1357854,0.6666666666666666,0.4444444444444444,0.6666666666666666,0.5333333333333333
1072205,0.3333333333333333,0.3333333333333333,0.3333333333333333,0.3333333333333333
1218417,0.6666666666666666,1.0,0.6666666666666666,0.8000000000000002
1160228,0.0,0.0,0.0,0.0
1189313,0.3333333333333333,0.6666666666666666,0.3333333333333333,0.4444444444444444
1222350,0.4,0.3,0.4,0.34285714285714286
1217630,0.0,0.0,0.0,0.0
1157875,0.2,0.06666666666666667,0.2,0.1
1166948,0.0,0.0,0.0,0.0
1132334,0.6666666666666666,0.8333333333333334,0.6666666666666666,0.6666666666666666
1278509,0.4,0.4,0.4,0.4
1365765,0.3333333333333333,0.1111111111111111,0.3333333333333333,0.16666666666666666
1284830,0.6666666666666666,0.5,0.6666666666666666,0.5555555555555555
1004065,0.25,0.0625,0.25,0.1
1893593,1.0,1.0,1.0,1.0
1358902,0.6666666666666666,0.4444444444444444,0.6666666666666666,0.5333333333333333
1215113,0.5,0.625,0.5,0.5
1362831,0.4,0.4,0.4,0.4
1089153,0.3333333333333333,0.1111111111111111,0.3333333333333333,0.16666666666666666
1234837,0.75,0.875,0.75,0.75
1267082,0.5714285714285714,0.38095238095238093,0.5714285714285714,0.4571428571428572
1357593,0.3333333333333333,0.3333333333333333,0.3333333333333333,0.3333333333333333
1000347,0.5714285714285714,0.32653061224489793,0.5714285714285714,0.4155844155844156
1195953,0.42857142857142855,0.2857142857142857,0.42857142857142855,0.3333333333333333
1150757,0.5,0.5,0.5,0.4444444444444444
1185144,0.3333333333333333,0.16666666666666666,0.3333333333333333,0.2222222222222222
1284851,0.0,0.0,0.0,0.0
1221117,0.2,0.1,0.2,0.13333333333333333
1061004,0.3333333333333333,0.16666666666666666,0.3333333333333333,0.2222222222222222
1070951,0.4,0.4666666666666667,0.4,0.36666666666666664
1569811,1.0,1.0,1.0,1.0
1354517,0.0,0.0,0.0,0.0
1020340,0.25,0.125,0.25,0.16666666666666666
1003724,0.5,0.3333333333333333,0.5,0.4
1243674,0.4,0.5,0.4,0.4
1553959,0.6666666666666666,0.5,0.6666666666666666,0.5555555555555555
1115169,1.0,1.0,1.0,1.0
1111635,0.6666666666666666,0.6666666666666666,0.6666666666666666,0.6666666666666666
1222992,0.25,0.25,0.25,0.25
1636021,0.6666666666666666,0.5,0.6666666666666666,0.5555555555555555
1403675,0.2857142857142857,0.21428571428571427,0.2857142857142857,0.23809523809523808
1113442,0.75,0.625,0.75,0.6666666666666666
1095090,0.3333333333333333,0.16666666666666666,0.3333333333333333,0.2222222222222222
1062085,0.0,0.0,0.0,0.0
1216062,0.6666666666666666,0.6666666666666666,0.6666666666666666,0.6666666666666666
1812413,0.3333333333333333,0.3333333333333333,0.3333333333333333,0.3333333333333333
1123439,0.6,0.4,0.6,0.4666666666666666
1006613,0.25,0.125,0.25,0.16666666666666666
1197714,0.75,0.875,0.75,0.75
1249537,0.5,0.5833333333333334,0.5,0.4583333333333333
1397304,0.3333333333333333,0.3333333333333333,0.3333333333333333,0.3333333333333333
1132449,0.6666666666666666,0.4444444444444444,0.6666666666666666,0.5333333333333333
1283597,0.3333333333333333,0.3333333333333333,0.3333333333333333,0.3333333333333333
1488841,0.6666666666666666,0.4444444444444444,0.6666666666666666,0.5333333333333333
1107478,0.5,0.25,0.5,0.3333333333333333
1993205,0.5,0.25,0.5,0.3333333333333333
1223441,0.6,0.7,0.6,0.6
1070934,0.6666666666666666,0.8333333333333334,0.6666666666666666,0.6666666666666666
1010338,0.6666666666666666,0.5,0.6666666666666666,0.5555555555555555
1509681,0.5,0.7777777777777777,0.5,0.6031746031746031
1186341,0.6,0.5,0.6,0.5333333333333333
1981668,0.6666666666666666,1.0,0.6666666666666666,0.7777777777777777
1435372,0.2,0.13333333333333333,0.2,0.16
1887178,0.6666666666666666,0.5,0.6666666666666666,0.5555555555555555
1286729,0.4,0.4,0.4,0.4
1514623,0.3333333333333333,0.1111111111111111,0.3333333333333333,0.16666666666666666
1230111,0.5,0.3888888888888889,0.5,0.4166666666666667
1222892,0.6,0.6,0.6,0.5333333333333333
1001916,0.3333333333333333,0.16666666666666666,0.3333333333333333,0.2222222222222222
1415287,0.0,0.0,0.0,0.0
1004768,0.0,0.0,0.0,0.0
1003897,0.5,0.3333333333333333,0.5,0.38888888888888884
1218320,0.5,0.25,0.5,0.3333333333333333
1278721,0.25,0.0625,0.25,0.1
1322231,1.0,1.0,1.0,1.0
1189735,0.6,0.7,0.6,0.6133333333333334
1407860,0.6666666666666666,0.5,0.6666666666666666,0.5555555555555555
1288770,0.6,0.36666666666666664,0.6,0.4533333333333333
1205306,0.5,0.3333333333333333,0.5,0.4
1201067,0.5,0.25,0.5,0.3333333333333333
1579799,0.75,0.8333333333333333,0.75,0.7333333333333334
1255449,0.0,0.0,0.0,0.0
1269192,0.3333333333333333,0.1111111111111111,0.3333333333333333,0.16666666666666666
1154218,0.25,0.25,0.25,0.25
1936168,0.5,0.8333333333333334,0.5,0.5
1220995,0.5,0.3333333333333333,0.5,0.4
1312816,0.2,0.2,0.2,0.2
1185164,0.6,0.36,0.6,0.45
1255116,0.6666666666666666,0.8333333333333334,0.6666666666666666,0.6666666666666666
1116686,0.2,0.2,0.2,0.2
1175360,0.6666666666666666,0.4444444444444444,0.6666666666666666,0.5333333333333333
1221354,0.6,0.6666666666666666,0.6,0.5866666666666667
1150688,0.3333333333333333,0.3333333333333333,0.3333333333333333,0.3333333333333333
1278524,0.4,0.4,0.4,0.4
1239642,0.5,0.4166666666666667,0.5,0.4523809523809524
1356585,0.5,0.5,0.5,0.5
1149212,0.3333333333333333,0.16666666666666666,0.3333333333333333,0.2222222222222222
1166099,0.5,0.3333333333333333,0.5,0.4
1206243,0.375,0.28125,0.375,0.3214285714285714
1261750,0.5,0.25,0.5,0.3333333333333333
1007618,0.0,0.0,0.0,0.0
1360966,0.2,0.1,0.2,0.13333333333333333
1184178,0.3333333333333333,0.16666666666666666,0.3333333333333333,0.2222222222222222
1263262,0.3333333333333333,0.3333333333333333,0.3333333333333333,0.3333333333333333
1278588,0.5,0.375,0.5,0.41666666666666663
2020664,0.6666666666666666,0.4444444444444444,0.6666666666666666,0.5333333333333333
1388024,0.3333333333333333,0.13333333333333333,0.3333333333333333,0.19047619047619047
1234179,0.0,0.0,0.0,0.0
1163534,0.3333333333333333,0.4444444444444444,0.3333333333333333,0.35555555555555557
1684007,0.8,0.6666666666666666,0.8,0.72
1164660,0.42857142857142855,0.42857142857142855,0.42857142857142855,0.4095238095238095
1004780,0.2,0.1,0.2,0.13333333333333333
1219368,0.5,0.25,0.5,0.3333333333333333
1223035,1.0,1.0,1.0,1.0
1207884,0.3333333333333333,0.1111111111111111,0.3333333333333333,0.16666666666666666
1908805,0.3333333333333333,0.3333333333333333,0.3333333333333333,0.3333333333333333
1168493,0.4,0.16,0.4,0.22857142857142856
1569608,0.3333333333333333,0.3333333333333333,0.3333333333333333,0.3333333333333333
1219321,0.6666666666666666,0.6666666666666666,0.6666666666666666,0.6666666666666666
1149860,0.0,0.0,0.0,0.0
1222004,0.6666666666666666,0.8333333333333334,0.6666666666666666,0.6666666666666666
1176955,0.75,0.875,0.75,0.7666666666666667
1039270,1.0,1.0,1.0,1.0
1515431,0.5,0.25,0.5,0.3333333333333333
1254220,0.5,0.3333333333333333,0.5,0.4
1829264,0.75,0.5625,0.75,0.6428571428571428
1002058,0.2,0.04,0.2,0.06666666666666667
1120144,1.0,1.0,1.0,1.0
1254525,0.6666666666666666,0.6666666666666666,0.6666666666666666,0.6666666666666666
1396059,0.6666666666666666,0.5,0.6666666666666666,0.5555555555555555
1943589,0.6,0.6,0.6,0.5333333333333333
1019546,0.6666666666666666,0.5,0.6666666666666666,0.5555555555555555
1360648,0.5,0.5,0.5,0.5
1000082,0.5,0.25,0.5,0.3333333333333333
1019809,0.75,0.875,0.75,0.75
1824096,0.3333333333333333,0.1111111111111111,0.3333333333333333,0.16666666666666666
1331827,0.6666666666666666,0.4444444444444444,0.6666666666666666,0.5333333333333333
1135490,0.2,0.05,0.2,0.08
1279170,0.0,0.0,0.0,0.0
1224842,0.25,0.16666666666666666,0.25,0.2
1648535,0.75,0.5625,0.75,0.6428571428571428
1022325,1.0,1.0,1.0,1.0
1249033,0.25,0.16666666666666666,0.25,0.2
1003552,0.5,0.375,0.5,0.41666666666666663
1354369,0.3333333333333333,0.1111111111111111,0.3333333333333333,0.16666666666666666
1312702,0.75,0.875,0.75,0.75
1200015,0.4,0.16,0.4,0.22857142857142856
1072067,0.5,0.3,0.5,0.375
1163456,0.5,0.25,0.5,0.3333333333333333
1221044,0.5,1.0,0.5,0.6666666666666666
1009249,0.4,0.3,0.4,0.3333333333333333
1216053,0.25,0.0625,0.25,0.1
1002311,0.3333333333333333,0.1111111111111111,0.3333333333333333,0.16666666666666666
1228500,0.2,0.1,0.2,0.13333333333333333
1099544,1.0,1.0,1.0,1.0
1010398,0.3333333333333333,0.3333333333333333,0.3333333333333333,0.3333333333333333
1186470,0.0,0.0,0.0,0.0
1170737,0.2,0.2,0.2,0.2
1103126,0.25,0.25,0.25,0.25
1405131,0.5,0.3,0.5,0.375
1366127,0.5,0.25,0.5,0.3333333333333333
2061195,1.0,1.0,1.0,1.0
1075753,0.6,0.45,0.6,0.5142857142857142
1266268,0.5,0.3333333333333333,0.5,0.4
1217250,0.3333333333333333,0.20000000000000004,0.3333333333333333,0.25
1082353,0.3333333333333333,0.16666666666666666,0.3333333333333333,0.2222222222222222
1255067,0.3333333333333333,0.3333333333333333,0.3333333333333333,0.3333333333333333
1180887,0.3333333333333333,0.16666666666666666,0.3333333333333333,0.2222222222222222
1283660,1.0,1.0,1.0,1.0
1366283,1.0,1.0,1.0,1.0
1428054,0.75,0.5625,0.75,0.6428571428571428
1961518,0.5,0.375,0.5,0.41666666666666663
1219753,0.0,0.0,0.0,0.0
2001304,1.0,1.0,1.0,1.0
1197343,0.3333333333333333,0.2222222222222222,0.3333333333333333,0.26666666666666666
1106895,0.0,0.0,0.0,0.0
1982603,1.0,1.0,1.0,1.0
1081128,0.4,0.3,0.4,0.34285714285714286
1162965,0.0,0.0,0.0,0.0
1111786,0.6666666666666666,0.8333333333333334,0.6666666666666666,0.6666666666666666
1332241,0.0,0.0,0.0,0.0
1004847,0.3333333333333333,0.1111111111111111,0.3333333333333333,0.16666666666666666
1654783,0.6666666666666666,0.5,0.6666666666666666,0.5555555555555555
1008292,0.3333333333333333,0.27777777777777773,0.3333333333333333,0.3
1146927,0.6666666666666666,0.4444444444444444,0.6666666666666666,0.5333333333333333
1502969,0.3333333333333333,0.16666666666666666,0.3333333333333333,0.2222222222222222
1006545,1.0,1.0,1.0,1.0
1000565,0.6666666666666666,0.4444444444444444,0.6666666666666666,0.5333333333333333
1165863,0.0,0.0,0.0,0.0
1356793,0.0,0.0,0.0,0.0
1080264,0.5555555555555556,0.5185185185185185,0.5555555555555556,0.5206349206349206
1328726,0.5,0.3333333333333333,0.5,0.375
1182242,0.25,0.125,0.25,0.16666666666666666
2032861,0.5,0.375,0.5,0.41666666666666663
1067720,0.2,0.1,0.2,0.13333333333333333
1008267,0.3333333333333333,0.6666666666666666,0.3333333333333333,0.4444444444444444
1234263,0.5,0.3333333333333333,0.5,0.4
1761781,0.25,0.125,0.25,0.16666666666666666
1291407,0.6,0.36,0.6,0.45
1434102,0.3333333333333333,0.16666666666666666,0.3333333333333333,0.2222222222222222
1180876,0.25,0.125,0.25,0.16666666666666666
1002363,0.6666666666666666,0.5,0.6666666666666666,0.5555555555555555
1699754,0.75,0.5833333333333333,0.75,0.65
1300454,0.3333333333333333,0.3333333333333333,0.3333333333333333,0.3333333333333333
1731015,0.6666666666666666,0.5,0.6666666666666666,0.5555555555555555
1167024,0.5,0.3333333333333333,0.5,0.4
1261910,0.25,0.16666666666666666,0.25,0.2
1195756,1.0,1.0,1.0,1.0
1359770,0.3333333333333333,0.3333333333333333,0.3333333333333333,0.3333333333333333
1397265,0.25,0.0625,0.25,0.1
1893662,0.6666666666666666,0.5,0.6666666666666666,0.5555555555555555
1291231,0.6666666666666666,1.0,0.6666666666666666,0.8000000000000002
1334102,0.0,0.0,0.0,0.0
1940589,0.5,0.25,0.5,0.3333333333333333
1506123,0.6666666666666666,0.4444444444444444,0.6666666666666666,0.5333333333333333
1157193,1.0,1.0,1.0,1.0
1008453,0.5,0.5,0.5,0.5
1098551,0.0,0.0,0.0,0.0
1438843,0.25,0.16666666666666666,0.25,0.2
1222673,0.4,0.26666666666666666,0.4,0.32
1356578,0.4,0.16,0.4,0.22857142857142856
1284388,0.2,0.1,0.2,0.13333333333333333
1000667,0.5,0.39999999999999997,0.5,0.4444444444444444
1007265,0.4444444444444444,0.19753086419753085,0.4444444444444444,0.27350427350427353
2010314,0.6666666666666666,0.6333333333333333,0.6666666666666666,0.5972222222222222
1298237,0.6666666666666666,0.5,0.6666666666666666,0.5555555555555555
1240219,0.3333333333333333,0.3333333333333333,0.3333333333333333,0.3333333333333333
1794516,0.0,0.0,0.0,0.0
1126696,1.0,1.0,1.0,1.0
1243980,0.6,0.36,0.6,0.45
1222861,0.5,0.375,0.5,0.41666666666666663
1254404,0.6666666666666666,0.5,0.6666666666666666,0.5555555555555555
1010911,0.25,0.125,0.25,0.16666666666666666
1386763,0.0,0.0,0.0,0.0
1126357,0.0,0.0,0.0,0.0
1278863,0.4,0.3,0.4,0.34285714285714286
1122578,0.6666666666666666,0.4444444444444444,0.6666666666666666,0.5333333333333333
1135434,0.5555555555555556,0.5555555555555556,0.5555555555555556,0.5555555555555556
1118762,0.6666666666666666,0.8333333333333334,0.6666666666666666,0.6666666666666666
1278773,0.5,0.3571428571428571,0.5,0.41666666666666663
1818532,1.0,1.0,1.0,1.0
1966977,0.25,0.16666666666666666,0.25,0.2
1086238,0.0,0.0,0.0,0.0
1537657,0.6666666666666666,0.4444444444444444,0.6666666666666666,0.5333333333333333
1322183,0.6666666666666666,0.6666666666666666,0.6666666666666666,0.6666666666666666
1005750,0.14285714285714285,0.14285714285714285,0.14285714285714285,0.14285714285714285
1269157,0.5,0.3333333333333333,0.5,0.4
1206250,0.25,0.08333333333333333,0.25,0.125
1219767,0.6666666666666666,0.5,0.6666666666666666,0.5555555555555555
1407111,0.4,0.16,0.4,0.22857142857142856
1743671,0.0,0.0,0.0,0.0
1639620,0.5,0.25,0.5,0.3333333333333333
1163718,0.5,0.5,0.5,0.5
1222413,0.6666666666666666,0.5,0.6666666666666666,0.5555555555555555
1258233,0.5,0.3333333333333333,0.5,0.4
1973579,0.6666666666666666,0.5,0.6666666666666666,0.5555555555555555
1545347,1.0,1.0,1.0,1.0
1249756,0.5,0.75,0.5,0.5833333333333333
1100262,0.3333333333333333,0.1111111111111111,0.3333333333333333,0.16666666666666666
1303780,0.6666666666666666,0.8333333333333334,0.6666666666666666,0.6666666666666666
1354508,0.6666666666666666,0.4444444444444444,0.6666666666666666,0.5333333333333333
1123343,0.6666666666666666,0.4444444444444444,0.6666666666666666,0.5333333333333333
1100557,0.3333333333333333,0.16666666666666666,0.3333333333333333,0.2222222222222222
1773459,0.0,0.0,0.0,0.0
1219584,0.6,0.6,0.6,0.6
2052014,0.75,0.8333333333333333,0.75,0.7333333333333334
1113139,1.0,1.0,1.0,1.0
1158174,0.6666666666666666,0.5,0.6666666666666666,0.5555555555555555
1291453,0.6,0.5,0.6,0.5333333333333333
1577209,0.2,0.1,0.2,0.13333333333333333
1358571,0.2,0.2,0.2,0.2
1267934,0.6,0.45,0.6,0.5142857142857142
1752498,0.5,0.25,0.5,0.3333333333333333
1235563,0.6666666666666666,0.5,0.6666666666666666,0.5555555555555555
1219359,0.5,0.625,0.5,0.5
1355564,0.6666666666666666,0.5,0.6666666666666666,0.5555555555555555
1448936,0.5,0.25,0.5,0.3333333333333333
1007567,0.5,0.75,0.5,0.5833333333333333
1249047,0.3333333333333333,0.16666666666666666,0.3333333333333333,0.2222222222222222
1107978,0.75,0.5625,0.75,0.6428571428571428
1252115,0.25,0.0625,0.25,0.1
1843162,0.6666666666666666,0.5,0.6666666666666666,0.5555555555555555
1645729,1.0,1.0,1.0,1.0
1265258,0.6,0.6,0.6,0.6
1191518,0.5,0.5833333333333334,0.5,0.4583333333333333
1234928,0.25,0.25,0.25,0.25
1075962,0.5,0.625,0.5,0.5
1213587,0.6,0.36,0.6,0.45
1396988,0.25,0.25,0.25,0.25
1099408,0.6666666666666666,0.8333333333333334,0.6666666666666666,0.6666666666666666
1131193,0.6666666666666666,0.4444444444444444,0.6666666666666666,0.5333333333333333
1224173,1.0,1.0,1.0,1.0
1357627,0.4,0.16,0.4,0.22857142857142856
1099492,0.6,0.4,0.6,0.4666666666666666
1393274,0.3333333333333333,0.1111111111111111,0.3333333333333333,0.16666666666666666
1241797,0.3333333333333333,0.16666666666666666,0.3333333333333333,0.2222222222222222
1174111,1.0,1.0,1.0,1.0
1255667,0.6666666666666666,0.4444444444444444,0.6666666666666666,0.5333333333333333
1241754,0.6666666666666666,0.5,0.6666666666666666,0.5555555555555555
1280783,0.5,0.625,0.5,0.5
1159936,0.16666666666666666,0.08333333333333333,0.16666666666666666,0.1111111111111111
1775271,0.4,0.5333333333333333,0.4,0.45714285714285713
1255451,1.0,1.0,1.0,1.0
1243849,0.6666666666666666,0.5,0.6666666666666666,0.5555555555555555
1266608,0.0,0.0,0.0,0.0
1243497,0.5,0.4666666666666666,0.5,0.41269841269841273
1576526,0.5,0.4666666666666666,0.5,0.41269841269841273
1048345,0.5,0.25,0.5,0.3333333333333333
1209805,0.6666666666666666,0.4666666666666666,0.6666666666666666,0.5416666666666666
1456543,0.5,0.25,0.5,0.3333333333333333
1290193,0.3333333333333333,0.1111111111111111,0.3333333333333333,0.16666666666666666
1756776,0.6666666666666666,0.4444444444444444,0.6666666666666666,0.5333333333333333
1264547,0.3333333333333333,0.1111111111111111,0.3333333333333333,0.16666666666666666
1207793,0.5,0.25,0.5,0.3333333333333333
1002055,0.0,0.0,0.0,0.0
1234886,0.6666666666666666,0.4444444444444444,0.6666666666666666,0.5333333333333333
1356611,0.3333333333333333,0.16666666666666666,0.3333333333333333,0.2222222222222222
1108707,0.4,0.3,0.4,0.34285714285714286
1144856,0.3333333333333333,0.3333333333333333,0.3333333333333333,0.3333333333333333
1075725,0.0,0.0,0.0,0.0
1275292,1.0,1.0,1.0,1.0
1688525,0.0,0.0,0.0,0.0
1129517,0.25,0.0625,0.25,0.1
1007379,0.2,0.06666666666666667,0.2,0.1
1291385,0.25,0.16666666666666666,0.25,0.2
1398479,0.6,0.8,0.6,0.5666666666666667
1139571,0.75,0.625,0.75,0.6666666666666666
1182198,0.2,0.06666666666666667,0.2,0.1
1008509,0.25,0.08333333333333333,0.25,0.125
1405152,0.0,0.0,0.0,0.0
1263392,0.5,0.375,0.5,0.41666666666666663
1251609,0.3333333333333333,0.2222222222222222,0.3333333333333333,0.26666666666666666
1199956,1.0,1.0,1.0,1.0
1090101,0.25,0.25,0.25,0.25
1181273,0.5,0.25,0.5,0.3333333333333333
1150309,0.0,0.0,0.0,0.0
1181030,1.0,1.0,1.0,1.0
1270847,0.5,0.6333333333333333,0.5,0.44047619047619047
1104668,0.0,0.0,0.0,0.0
1225692,0.5,0.375,0.5,0.41666666666666663
1237157,0.75,0.5833333333333333,0.75,0.65
1060201,0.5,0.5,0.5,0.5
1064769,0.5,1.0,0.5,0.6666666666666666
1251872,0.5,0.5,0.5,0.5
1772459,0.6666666666666666,0.4444444444444444,0.6666666666666666,0.5333333333333333
1463259,0.25,0.16666666666666666,0.25,0.2
1026195,0.5,0.25,0.5,0.3333333333333333
1054729,0.0,0.0,0.0,0.0
1660889,0.3333333333333333,0.1111111111111111,0.3333333333333333,0.16666666666666666
1070852,1.0,1.0,1.0,1.0
1559663,0.3333333333333333,0.3333333333333333,0.3333333333333333,0.3333333333333333
1362729,0.6666666666666666,0.5,0.6666666666666666,0.5555555555555555
1574489,0.6666666666666666,0.5,0.6666666666666666,0.5555555555555555
1366134,0.2,0.1,0.2,0.13333333333333333
1765040,0.5,0.25,0.5,0.3333333333333333
1568434,0.0,0.0,0.0,0.0
1004511,0.0,0.0,0.0,0.0
2017091,0.3333333333333333,0.3333333333333333,0.3333333333333333,0.3333333333333333
1251926,0.6666666666666666,0.4444444444444444,0.6666666666666666,0.5333333333333333
1095283,0.5,0.25,0.5,0.3333333333333333
1358552,0.5,0.625,0.5,0.5
1430233,0.25,0.16666666666666666,0.25,0.2
1361755,0.2,0.1,0.2,0.13333333333333333
1272751,0.3333333333333333,0.1111111111111111,0.3333333333333333,0.16666666666666666
1001867,0.6666666666666666,0.5333333333333333,0.6666666666666666,0.5925925925925926
1009788,0.25,0.125,0.25,0.16666666666666666
1150327,0.0,0.0,0.0,0.0
1283429,0.8571428571428571,0.7380952380952381,0.8571428571428571,0.7922077922077921
1135384,0.5,0.3333333333333333,0.5,0.4
1221356,1.0,1.0,1.0,1.0
1354145,0.6666666666666666,0.5,0.6666666666666666,0.5555555555555555
1705552,0.3333333333333333,0.1111111111111111,0.3333333333333333,0.16666666666666666
1184514,0.3333333333333333,0.19444444444444442,0.3333333333333333,0.24444444444444446
1111631,0.5,0.4666666666666666,0.5,0.41269841269841273
1223716,0.3333333333333333,0.1111111111111111,0.3333333333333333,0.16666666666666666
1770826,0.6666666666666666,0.6666666666666666,0.6666666666666666,0.6666666666666666
1221389,0.5,0.25,0.5,0.3333333333333333
1059055,0.6666666666666666,0.4444444444444444,0.6666666666666666,0.5333333333333333
2049904,1.0,1.0,1.0,1.0
1022648,0.6666666666666666,0.5,0.6666666666666666,0.5555555555555555
1400757,0.3333333333333333,0.1111111111111111,0.3333333333333333,0.16666666666666666
1240857,0.6666666666666666,0.8333333333333334,0.6666666666666666,0.6666666666666666
1314979,0.6666666666666666,0.8333333333333334,0.6666666666666666,0.6666666666666666
1174911,0.0,0.0,0.0,0.0
1175405,0.0,0.0,0.0,0.0
1263010,0.75,0.875,0.75,0.7666666666666667
1060107,0.3333333333333333,0.6666666666666666,0.3333333333333333,0.4444444444444444
1250093,0.0,0.0,0.0,0.0
1324948,0.5,0.5833333333333334,0.5,0.4583333333333333
1133004,0.0,0.0,0.0,0.0
1206086,0.25,0.25,0.25,0.25
1514337,0.5,0.25,0.5,0.3333333333333333
1363724,0.3333333333333333,0.3333333333333333,0.3333333333333333,0.3333333333333333
1230254,0.6666666666666666,0.5,0.6666666666666666,0.5555555555555555
1037486,1.0,1.0,1.0,1.0
1366478,0.0,0.0,0.0,0.0
1283880,0.0,0.0,0.0,0.0
1243678,0.0,0.0,0.0,0.0
1218032,0.5,0.25,0.5,0.3333333333333333
1040963,0.0,0.0,0.0,0.0
1134870,0.0,0.0,0.0,0.0
1229148,0.6666666666666666,0.5,0.6666666666666666,0.5555555555555555
1006062,0.6666666666666666,0.5555555555555555,0.6666666666666666,0.6
1358604,0.0,0.0,0.0,0.0
1090011,0.6666666666666666,0.8333333333333334,0.6666666666666666,0.6666666666666666
1127035,0.6,0.5,0.6,0.5333333333333333
1397409,0.3333333333333333,0.16666666666666666,0.3333333333333333,0.2222222222222222
1893257,0.5,0.25,0.5,0.3333333333333333
1365306,1.0,1.0,1.0,1.0
1005392,0.5,0.25,0.5,0.3333333333333333
1083806,0.75,0.5833333333333333,0.75,0.65
1896217,0.6666666666666666,0.4444444444444444,0.6666666666666666,0.5333333333333333
1354019,0.3333333333333333,0.1111111111111111,0.3333333333333333,0.16666666666666666
1089291,0.25,0.5,0.25,0.3333333333333333
1139570,0.0,0.0,0.0,0.0
1250104,0.6666666666666666,0.6666666666666666,0.6666666666666666,0.6666666666666666
1009381,0.5714285714285714,0.38095238095238093,0.5714285714285714,0.4571428571428572
1034718,0.6666666666666666,0.75,0.6666666666666666,0.6666666666666666
1281286,0.6666666666666666,0.4444444444444444,0.6666666666666666,0.5333333333333333
1109124,0.16666666666666666,0.25,0.16666666666666666,0.20000000000000004
1365780,0.6666666666666666,0.8333333333333334,0.6666666666666666,0.6666666666666666
1997838,0.5,0.25,0.5,0.3333333333333333
1402500,0.3333333333333333,0.16666666666666666,0.3333333333333333,0.2222222222222222
1234318,0.0,0.0,0.0,0.0
1019562,0.2,0.2,0.2,0.2
1684288,0.5,0.25,0.5,0.3333333333333333
1008458,0.3333333333333333,0.2619047619047619,0.3333333333333333,0.2666666666666667
1366287,1.0,1.0,1.0,1.0
1083918,0.5,0.3333333333333333,0.5,0.4
1031980,0.375,0.3125,0.375,0.3333333333333333
1358642,0.3333333333333333,0.6666666666666666,0.3333333333333333,0.4444444444444444
2000542,0.5,0.25,0.5,0.3333333333333333
1355634,0.5,0.375,0.5,0.41666666666666663
1991465,1.0,1.0,1.0,1.0
1085410,0.5,0.5833333333333334,0.5,0.4583333333333333
1652416,0.3333333333333333,0.1111111111111111,0.3333333333333333,0.16666666666666666
1981838,0.3333333333333333,0.16666666666666666,0.3333333333333333,0.2222222222222222
1106820,0.2,0.06666666666666667,0.2,0.1
1367409,0.6666666666666666,0.5,0.6666666666666666,0.5555555555555555
1200062,0.6666666666666666,0.4444444444444444,0.6666666666666666,0.5333333333333333
1388080,0.6,0.45,0.6,0.5142857142857142
1334689,0.5,0.25,0.5,0.3333333333333333
1269514,0.3333333333333333,0.34259259259259256,0.3333333333333333,0.3333333333333333
1142318,0.5714285714285714,0.32653061224489793,0.5714285714285714,0.4155844155844156
1986189,0.5,0.75,0.5,0.5833333333333333
1056933,0.6666666666666666,0.5,0.6666666666666666,0.5555555555555555
1123948,0.0,0.0,0.0,0.0
1363705,0.3333333333333333,0.16666666666666666,0.3333333333333333,0.2222222222222222
1243488,0.6,0.6,0.6,0.6
1964136,0.5,0.25,0.5,0.3333333333333333
1630752,0.6666666666666666,0.4444444444444444,0.6666666666666666,0.5333333333333333
1938942,1.0,1.0,1.0,1.0
1366358,0.0,0.0,0.0,0.0
1769371,1.0,1.0,1.0,1.0
1448942,0.3333333333333333,0.16666666666666666,0.3333333333333333,0.2222222222222222
1355715,0.2,0.05,0.2,0.08
1851680,0.0,0.0,0.0,0.0
1222008,0.6666666666666666,0.5,0.6666666666666666,0.5555555555555555
1181728,0.3333333333333333,0.3333333333333333,0.3333333333333333,0.3333333333333333
1262122,0.75,0.875,0.75,0.75
1239867,0.6666666666666666,0.4444444444444444,0.6666666666666666,0.5333333333333333
1269304,0.0,0.0,0.0,0.0
1223351,0.3333333333333333,0.2222222222222222,0.3333333333333333,0.26666666666666666
1006444,0.5,0.25,0.5,0.3333333333333333
1289760,0.3333333333333333,0.1111111111111111,0.3333333333333333,0.16666666666666666
1278913,0.6666666666666666,0.8333333333333334,0.6666666666666666,0.6666666666666666
1094061,0.25,0.0625,0.25,0.1
1166978,0.25,0.08333333333333333,0.25,0.125
2024608,0.0,0.0,0.0,0.0
1012188,0.5,0.625,0.5,0.5
1283552,0.25,0.08333333333333333,0.25,0.125
1254816,0.3333333333333333,0.16666666666666666,0.3333333333333333,0.2222222222222222
1357701,0.3333333333333333,1.0,0.3333333333333333,0.5
1280681,0.3333333333333333,0.16666666666666666,0.3333333333333333,0.2222222222222222
1588812,0.75,0.875,0.75,0.7666666666666667
1402144,0.3333333333333333,0.1111111111111111,0.3333333333333333,0.16666666666666666
1703821,0.3333333333333333,0.16666666666666666,0.3333333333333333,0.2222222222222222
1159875,0.4,0.16,0.4,0.22857142857142856
1007902,0.6666666666666666,0.6333333333333333,0.6666666666666666,0.5972222222222222
1277680,0.2,0.2,0.2,0.2
1399073,0.6666666666666666,0.8333333333333334,0.6666666666666666,0.6666666666666666
1258124,0.6666666666666666,0.5,0.6666666666666666,0.5555555555555555
1694475,0.6666666666666666,0.8333333333333334,0.6666666666666666,0.6666666666666666
1062843,0.6666666666666666,0.4444444444444444,0.6666666666666666,0.5333333333333333
1026510,1.0,1.0,1.0,1.0
1438097,0.3333333333333333,0.1111111111111111,0.3333333333333333,0.16666666666666666
1133577,0.6666666666666666,0.75,0.6666666666666666,0.6825396825396824
1301428,0.5,1.0,0.5,0.6666666666666666
1202832,0.3333333333333333,0.16666666666666666,0.3333333333333333,0.2222222222222222
1451050,0.6666666666666666,0.7083333333333334,0.6666666666666666,0.6507936507936507
1189776,1.0,1.0,1.0,1.0
1232139,0.0,0.0,0.0,0.0
1220688,0.3333333333333333,0.16666666666666666,0.3333333333333333,0.2222222222222222
1037801,0.6,0.45,0.6,0.5142857142857142
1041983,0.5,0.25,0.5,0.3333333333333333
1269552,0.3333333333333333,0.3333333333333333,0.3333333333333333,0.3333333333333333
1222106,0.5,0.5,0.5,0.5
1404995,0.6666666666666666,0.4444444444444444,0.6666666666666666,0.5333333333333333
1308132,0.5,0.375,0.5,0.41666666666666663
1107152,0.0,0.0,0.0,0.0
1410960,0.5,1.0,0.5,0.6666666666666666
1438511,0.6666666666666666,0.4444444444444444,0.6666666666666666,0.5333333333333333
1364007,0.5,0.25,0.5,0.3333333333333333
1001912,0.5,0.25,0.5,0.3333333333333333
1396601,0.3333333333333333,0.1111111111111111,0.3333333333333333,0.16666666666666666
1284562,0.5,0.25,0.5,0.3333333333333333
1252091,0.75,0.5833333333333333,0.75,0.65
1218741,0.2,0.3,0.2,0.24000000000000005
1196617,0.25,0.08333333333333333,0.25,0.125
1355560,0.0,0.0,0.0,0.0
1855541,0.6666666666666666,0.5,0.6666666666666666,0.5555555555555555
1266342,0.6,0.6,0.6,0.5333333333333333
1214901,0.3333333333333333,0.1111111111111111,0.3333333333333333,0.16666666666666666
1225311,0.75,0.5625,0.75,0.6428571428571428
1284149,0.6666666666666666,0.4444444444444444,0.6666666666666666,0.5333333333333333
1112776,0.75,0.75,0.75,0.75
1259700,0.6666666666666666,0.5,0.6666666666666666,0.5555555555555555
1087977,0.6666666666666666,0.4444444444444444,0.6666666666666666,0.5333333333333333
1232131,0.3333333333333333,0.3333333333333333,0.3333333333333333,0.3333333333333333
1034547,0.2,0.1,0.2,0.13333333333333333
1360644,0.75,1.0,0.75,0.8333333333333333
1104202,0.25,0.16666666666666666,0.25,0.2
1127621,1.0,1.0,1.0,1.0
1355650,0.6666666666666666,0.4444444444444444,0.6666666666666666,0.5333333333333333
1026290,0.0,0.0,0.0,0.0
1235925,0.6666666666666666,0.8333333333333334,0.6666666666666666,0.6666666666666666
1207521,0.3333333333333333,0.1111111111111111,0.3333333333333333,0.16666666666666666
1706923,0.2,0.06666666666666667,0.2,0.1
1611017,0.6666666666666666,0.5,0.6666666666666666,0.5555555555555555
1224508,0.3333333333333333,0.16666666666666666,0.3333333333333333,0.2222222222222222
1281578,0.5,0.625,0.5,0.5
2047857,0.0,0.0,0.0,0.0
1219964,1.0,1.0,1.0,1.0
1006543,0.8,1.0,0.8,0.8800000000000001
1097853,0.25,0.375,0.25,0.30000000000000004
1248579,0.4,0.6666666666666667,0.4,0.4
1679432,0.25,0.25,0.25,0.25
1096486,1.0,1.0,1.0,1.0
1012538,1.0,1.0,1.0,1.0
1230419,0.75,0.875,0.75,0.75
1222219,0.3333333333333333,0.16666666666666666,0.3333333333333333,0.2222222222222222
1621678,0.6666666666666666,0.5,0.6666666666666666,0.5555555555555555
1392440,0.5,0.25,0.5,0.3333333333333333
1331080,0.5,0.25,0.5,0.3333333333333333
1076740,0.0,0.0,0.0,0.0
1143193,1.0,1.0,1.0,1.0
1223953,0.5,0.25,0.5,0.3333333333333333
1686714,0.3333333333333333,0.3333333333333333,0.3333333333333333,0.3333333333333333
1270088,1.0,1.0,1.0,1.0
1278062,0.3333333333333333,0.3333333333333333,0.3333333333333333,0.3333333333333333
1239551,0.0,0.0,0.0,0.0
1647352,0.6,0.36,0.6,0.45
1599770,0.3333333333333333,0.1111111111111111,0.3333333333333333,0.16666666666666666
2060262,0.0,0.0,0.0,0.0
1078138,0.0,0.0,0.0,0.0
1449635,0.0,0.0,0.0,0.0
1226422,0.3333333333333333,0.3333333333333333,0.3333333333333333,0.3333333333333333
1224115,0.5,0.25,0.5,0.3333333333333333
1255476,0.6666666666666666,0.5,0.6666666666666666,0.5555555555555555
1240865,0.6666666666666666,1.0,0.6666666666666666,0.7777777777777777
1267052,0.6666666666666666,1.0,0.6666666666666666,0.7777777777777777
1119625,0.5,0.3333333333333333,0.5,0.4
1299992,1.0,1.0,1.0,1.0
1394970,0.25,0.375,0.25,0.30000000000000004
1357753,0.6666666666666666,0.4444444444444444,0.6666666666666666,0.5333333333333333
1671482,0.0,0.0,0.0,0.0
1219524,0.3333333333333333,0.3333333333333333,0.3333333333333333,0.3333333333333333
1224820,0.0,0.0,0.0,0.0
1090894,0.0,0.0,0.0,0.0
1255352,0.75,0.625,0.75,0.6666666666666666
1416040,0.6666666666666666,0.5,0.6666666666666666,0.5555555555555555
1147511,0.4,0.3,0.4,0.34285714285714286
1105381,0.6666666666666666,0.4444444444444444,0.6666666666666666,0.5333333333333333
1121800,1.0,1.0,1.0,1.0
1878086,0.6666666666666666,0.5,0.6666666666666666,0.5555555555555555
1221514,0.3333333333333333,0.3333333333333333,0.3333333333333333,0.3333333333333333
1003944,0.5,0.6666666666666666,0.5,0.5714285714285714
1003977,0.6666666666666666,0.5,0.6666666666666666,0.5555555555555555
1004786,1.0,1.0,1.0,1.0
1077266,0.6,0.6666666666666667,0.6,0.5800000000000001
1954754,0.6666666666666666,0.5,0.6666666666666666,0.5555555555555555
1004788,0.25,0.16666666666666666,0.25,0.2
1254328,0.5,0.5833333333333334,0.5,0.5079365079365079
1176985,0.14285714285714285,0.10714285714285714,0.14285714285714285,0.12244897959183673
1391592,0.5,0.25,0.5,0.3333333333333333
1008010,0.25,0.25,0.25,0.25
1272548,0.6666666666666666,0.6666666666666666,0.6666666666666666,0.6666666666666666
1034028,1.0,1.0,1.0,1.0
1000754,0.6666666666666666,0.5,0.6666666666666666,0.5555555555555555
1332283,0.0,0.0,0.0,0.0
1583530,0.5,0.25,0.5,0.3333333333333333
1166023,0.6666666666666666,0.5,0.6666666666666666,0.5555555555555555
1959557,0.6666666666666666,0.6666666666666666,0.6666666666666666,0.6666666666666666
1393586,0.25,0.16666666666666666,0.25,0.2
1073081,0.3333333333333333,0.16666666666666666,0.3333333333333333,0.2222222222222222
1076789,0.2,0.2,0.2,0.2
1791368,0.5,0.25,0.5,0.3333333333333333
1151988,0.25,0.08333333333333333,0.25,0.125
1060400,1.0,1.0,1.0,1.0
1355851,0.3333333333333333,0.1111111111111111,0.3333333333333333,0.16666666666666666
1300263,0.3333333333333333,0.3333333333333333,0.3333333333333333,0.3333333333333333
1289617,0.6666666666666666,0.4444444444444444,0.6666666666666666,0.5333333333333333
1231229,0.5,0.3333333333333333,0.5,0.4
1241534,0.5,0.25,0.5,0.3333333333333333
1280202,0.5,0.25,0.5,0.3333333333333333
1278805,1.0,1.0,1.0,1.0
1287266,0.5,0.25,0.5,0.3333333333333333
1925634,1.0,1.0,1.0,1.0
1218260,0.3333333333333333,0.16666666666666666,0.3333333333333333,0.2222222222222222
1104662,0.25,0.16666666666666666,0.25,0.2
1182962,0.16666666666666666,0.06666666666666667,0.16666666666666666,0.09523809523809523
1014133,0.3333333333333333,0.3333333333333333,0.3333333333333333,0.3333333333333333
1062841,0.5,0.25,0.5,0.3333333333333333
1079386,0.75,0.5625,0.75,0.6428571428571428
1277685,0.3333333333333333,0.16666666666666666,0.3333333333333333,0.2222222222222222
1204207,1.0,1.0,1.0,1.0
1281852,0.6666666666666666,0.5,0.6666666666666666,0.5555555555555555
1705690,0.0,0.0,0.0,0.0
1183215,0.3333333333333333,0.1111111111111111,0.3333333333333333,0.16666666666666666
1493266,0.6666666666666666,0.4444444444444444,0.6666666666666666,0.5333333333333333
1243487,0.0,0.0,0.0,0.0
1056683,0.6,0.6,0.6,0.5333333333333333
1249885,0.0,0.0,0.0,0.0
1259310,0.5,0.375,0.5,0.41666666666666663
1357095,0.6666666666666666,0.5555555555555555,0.6666666666666666,0.6
1253011,0.3333333333333333,0.16666666666666666,0.3333333333333333,0.2222222222222222
1234491,0.3333333333333333,0.3333333333333333,0.3333333333333333,0.3333333333333333
1087116,0.4,0.3,0.4,0.3333333333333333
1167072,0.5,0.5833333333333334,0.5,0.4583333333333333
1012785,0.3333333333333333,0.3333333333333333,0.3333333333333333,0.3333333333333333
2062618,0.0,0.0,0.0,0.0
1356616,0.0,0.0,0.0,0.0
1178423,0.3333333333333333,0.3333333333333333,0.3333333333333333,0.3333333333333333
1219790,0.5,0.5,0.5,0.5
1265284,0.5,0.25,0.5,0.3333333333333333
1571393,0.5,0.25,0.5,0.3333333333333333
1313660,0.5,0.25,0.5,0.3333333333333333
1277730,1.0,1.0,1.0,1.0
1239844,0.3333333333333333,0.3333333333333333,0.3333333333333333,0.3333333333333333
1406732,0.3333333333333333,0.16666666666666666,0.3333333333333333,0.2222222222222222
1321642,0.0,0.0,0.0,0.0
1252849,0.6666666666666666,0.5,0.6666666666666666,0.5555555555555555
1035152,1.0,1.0,1.0,1.0
1279127,0.2,0.1,0.2,0.13333333333333333
1143254,0.0,0.0,0.0,0.0
1185481,0.75,0.5833333333333333,0.75,0.65
1248297,0.3333333333333333,0.1111111111111111,0.3333333333333333,0.16666666666666666
1079832,0.6666666666666666,0.4444444444444444,0.6666666666666666,0.5333333333333333
1267171,0.0,0.0,0.0,0.0
1254813,0.0,0.0,0.0,0.0
1475518,0.3333333333333333,0.3333333333333333,0.3333333333333333,0.3333333333333333
1048506,0.3333333333333333,0.1111111111111111,0.3333333333333333,0.16666666666666666
1132373,0.0,0.0,0.0,0.0
1151267,0.0,0.0,0.0,0.0
1164984,0.6666666666666666,0.8333333333333334,0.6666666666666666,0.6666666666666666
1570606,0.3333333333333333,0.16666666666666666,0.3333333333333333,0.2222222222222222
1312984,0.5,0.25,0.5,0.3333333333333333
1042719,0.5,0.25,0.5,0.3333333333333333
1232581,0.3333333333333333,0.3333333333333333,0.3333333333333333,0.3333333333333333
1237788,0.6666666666666666,0.8333333333333334,0.6666666666666666,0.6666666666666666
1409282,0.3333333333333333,0.16666666666666666,0.3333333333333333,0.2222222222222222
1151872,0.6666666666666666,0.4444444444444444,0.6666666666666666,0.5333333333333333
1697318,1.0,1.0,1.0,1.0
1097471,0.6666666666666666,0.4444444444444444,0.6666666666666666,0.5333333333333333
1220980,0.3333333333333333,0.3333333333333333,0.3333333333333333,0.3333333333333333
1061784,1.0,1.0,1.0,1.0
1565350,0.3333333333333333,0.6666666666666666,0.3333333333333333,0.4444444444444444
1686083,0.0,0.0,0.0,0.0
1403581,1.0,1.0,1.0,1.0
1219877,0.5,0.5833333333333334,0.5,0.5079365079365079
1128018,1.0,1.0,1.0,1.0
1270897,0.5,1.0,0.5,0.6666666666666666
1997980,0.6666666666666666,0.4444444444444444,0.6666666666666666,0.5333333333333333
1402764,0.3333333333333333,0.3333333333333333,0.3333333333333333,0.3333333333333333
1225542,0.2,0.1,0.2,0.13333333333333333
1370252,0.5,0.25,0.5,0.3333333333333333
1356641,0.0,0.0,0.0,0.0
1258747,0.0,0.0,0.0,0.0
1084787,0.3333333333333333,0.3333333333333333,0.3333333333333333,0.3333333333333333
1141879,1.0,1.0,1.0,1.0
1109788,0.8,0.8666666666666666,0.8,0.7866666666666667
1962088,0.25,0.16666666666666666,0.25,0.2
1050706,0.0,0.0,0.0,0.0
1241533,0.3333333333333333,0.1111111111111111,0.3333333333333333,0.16666666666666666
1964365,0.6,0.7,0.6,0.6
1402931,0.5,0.25,0.5,0.3333333333333333
1084848,0.0,0.0,0.0,0.0
1081453,0.3333333333333333,0.1111111111111111,0.3333333333333333,0.16666666666666666
1355807,1.0,1.0,1.0,1.0
1219706,0.3333333333333333,0.3333333333333333,0.3333333333333333,0.3333333333333333
1248118,0.25,0.16666666666666666,0.25,0.2
1717971,0.3333333333333333,0.3333333333333333,0.3333333333333333,0.3333333333333333
1281152,0.5,0.25,0.5,0.3333333333333333
1046448,1.0,1.0,1.0,1.0
1026697,0.6666666666666666,0.8333333333333334,0.6666666666666666,0.6666666666666666
1054994,0.5,0.5,0.5,0.5
1794068,0.3333333333333333,0.1111111111111111,0.3333333333333333,0.16666666666666666
1356772,0.5,0.25,0.5,0.3333333333333333
1218476,0.3333333333333333,0.1111111111111111,0.3333333333333333,0.16666666666666666
1331452,0.25,0.25,0.25,0.25
1241070,0.6666666666666666,0.5,0.6666666666666666,0.5555555555555555
1354354,0.6666666666666666,0.8333333333333334,0.6666666666666666,0.6666666666666666
1235752,0.0,0.0,0.0,0.0
2009522,0.6666666666666666,0.4444444444444444,0.6666666666666666,0.5333333333333333
1278969,0.0,0.0,0.0,0.0
1218578,0.3333333333333333,0.3333333333333333,0.3333333333333333,0.3333333333333333
1126924,1.0,1.0,1.0,1.0
1362033,0.3333333333333333,0.3333333333333333,0.3333333333333333,0.3333333333333333
1226766,0.2,0.1,0.2,0.13333333333333333
1255971,0.0,0.0,0.0,0.0
1183896,1.0,1.0,1.0,1.0
1219581,0.0,0.0,0.0,0.0
1897553,0.3333333333333333,0.3333333333333333,0.3333333333333333,0.3333333333333333
1137955,0.5,0.25,0.5,0.3333333333333333
1361053,0.5,1.0,0.5,0.6666666666666666
1138322,0.6666666666666666,0.4444444444444444,0.6666666666666666,0.5333333333333333
1879314,0.6,0.6,0.6,0.6
1809535,0.3333333333333333,0.16666666666666666,0.3333333333333333,0.2222222222222222
1218497,0.3333333333333333,0.16666666666666666,0.3333333333333333,0.2222222222222222
1218526,0.0,0.0,0.0,0.0
1149514,0.0,0.0,0.0,0.0
1168994,0.3333333333333333,0.6666666666666666,0.3333333333333333,0.4444444444444444
1821315,0.6666666666666666,0.4444444444444444,0.6666666666666666,0.5333333333333333
1220904,0.6666666666666666,0.4444444444444444,0.6666666666666666,0.5333333333333333
1020486,0.6666666666666666,0.4444444444444444,0.6666666666666666,0.5333333333333333
1745643,0.5,0.25,0.5,0.3333333333333333
1763967,1.0,1.0,1.0,1.0
1226136,0.3333333333333333,0.1111111111111111,0.3333333333333333,0.16666666666666666
1272636,1.0,1.0,1.0,1.0
1905155,0.3333333333333333,0.3333333333333333,0.3333333333333333,0.3333333333333333
1196978,0.5,0.25,0.5,0.3333333333333333
1300715,0.3333333333333333,0.6666666666666666,0.3333333333333333,0.4444444444444444
1321681,0.5,0.25,0.5,0.3333333333333333
1403863,1.0,1.0,1.0,1.0
1364914,0.6666666666666666,0.6666666666666666,0.6666666666666666,0.6666666666666666
1097168,0.6666666666666666,0.8333333333333334,0.6666666666666666,0.6666666666666666
1801021,0.6666666666666666,0.8333333333333334,0.6666666666666666,0.6666666666666666
1313619,0.0,0.0,0.0,0.0
1999208,0.0,0.0,0.0,0.0
1219986,0.75,0.5625,0.75,0.6428571428571428
1284075,0.0,0.0,0.0,0.0
1627518,0.3333333333333333,0.3333333333333333,0.3333333333333333,0.3333333333333333
1036406,1.0,1.0,1.0,1.0
1220526,0.5,0.25,0.5,0.3333333333333333
1001865,0.0,0.0,0.0,0.0
1166235,0.4,0.2,0.4,0.26666666666666666
1021833,0.5,1.0,0.5,0.6666666666666666
1200939,0.75,0.625,0.75,0.6666666666666666
1356929,0.5,0.25,0.5,0.3333333333333333
1000151,0.3333333333333333,0.3333333333333333,0.3333333333333333,0.3333333333333333
1277107,0.5,0.25,0.5,0.3333333333333333
1353959,0.6666666666666666,0.5,0.6666666666666666,0.5555555555555555
1035955,1.0,1.0,1.0,1.0
1898824,0.5,0.25,0.5,0.3333333333333333
1805956,0.3333333333333333,0.1111111111111111,0.3333333333333333,0.16666666666666666
1021201,0.6666666666666666,1.0,0.6666666666666666,0.7777777777777777
1223056,1.0,1.0,1.0,1.0
1223120,0.25,0.25,0.25,0.25
1499889,0.3333333333333333,0.3333333333333333,0.3333333333333333,0.3333333333333333
1325812,0.25,0.5,0.25,0.3333333333333333
1148367,0.6666666666666666,0.6666666666666666,0.6666666666666666,0.6666666666666666
1065489,0.5,0.25,0.5,0.3333333333333333
1355689,0.6666666666666666,0.4444444444444444,0.6666666666666666,0.5333333333333333
1356614,0.6666666666666666,0.8333333333333334,0.6666666666666666,0.6666666666666666
1041042,1.0,1.0,1.0,1.0
1902707,0.3333333333333333,0.3333333333333333,0.3333333333333333,0.3333333333333333
1255056,1.0,1.0,1.0,1.0
1231198,1.0,1.0,1.0,1.0
1089144,0.5,1.0,0.5,0.6666666666666666
1427585,0.3333333333333333,0.3333333333333333,0.3333333333333333,0.3333333333333333
1000400,0.5,0.4666666666666666,0.5,0.41269841269841273
2011095,0.0,0.0,0.0,0.0
2056102,0.6666666666666666,0.8333333333333334,0.6666666666666666,0.6666666666666666
1230434,0.3333333333333333,0.1111111111111111,0.3333333333333333,0.16666666666666666
1304533,1.0,1.0,1.0,1.0
1357027,0.3333333333333333,0.3333333333333333,0.3333333333333333,0.3333333333333333
1076976,0.3333333333333333,0.1111111111111111,0.3333333333333333,0.16666666666666666
1354401,0.6666666666666666,0.5,0.6666666666666666,0.5555555555555555
1002350,0.16666666666666666,0.06666666666666667,0.16666666666666666,0.09523809523809523
1255521,0.6,0.6,0.6,0.6
1751507,0.0,0.0,0.0,0.0
1356669,0.6666666666666666,0.8333333333333334,0.6666666666666666,0.6666666666666666
1308897,0.0,0.0,0.0,0.0
1260089,0.75,0.5625,0.75,0.6428571428571428
1250781,0.3333333333333333,0.3333333333333333,0.3333333333333333,0.3333333333333333
1752503,0.3333333333333333,0.1111111111111111,0.3333333333333333,0.16666666666666666
1394924,0.5,0.25,0.5,0.3333333333333333
1282672,0.6666666666666666,0.4444444444444444,0.6666666666666666,0.5333333333333333
1274444,0.6666666666666666,0.5,0.6666666666666666,0.5555555555555555
1249161,0.3333333333333333,0.1111111111111111,0.3333333333333333,0.16666666666666666
1299064,0.6666666666666666,0.4444444444444444,0.6666666666666666,0.5333333333333333
1365813,0.6666666666666666,0.8333333333333334,0.6666666666666666,0.6666666666666666
1232060,0.3333333333333333,0.16666666666666666,0.3333333333333333,0.2222222222222222
1254316,0.6666666666666666,1.0,0.6666666666666666,0.7777777777777777
1059478,1.0,1.0,1.0,1.0
1191898,0.5,0.25,0.5,0.3333333333333333
1001984,0.0,0.0,0.0,0.0
1237840,0.5,0.5,0.5,0.5
1119906,0.5,0.25,0.5,0.3333333333333333
1278118,0.6,0.5,0.6,0.5333333333333333
1255660,1.0,1.0,1.0,1.0
1004745,1.0,1.0,1.0,1.0
1036874,0.3333333333333333,0.16666666666666666,0.3333333333333333,0.2222222222222222
1062579,0.6,0.45,0.6,0.5142857142857142
1119001,0.6666666666666666,0.5,0.6666666666666666,0.5555555555555555
1220109,0.0,0.0,0.0,0.0
1303827,0.5,0.5,0.5,0.5
2002077,0.5,0.25,0.5,0.3333333333333333
1896675,0.3333333333333333,0.16666666666666666,0.3333333333333333,0.2222222222222222
1318978,0.25,0.16666666666666666,0.25,0.2
1260264,0.5,0.25,0.5,0.3333333333333333
1264933,1.0,1.0,1.0,1.0
1219978,0.6666666666666666,0.4444444444444444,0.6666666666666666,0.5333333333333333
1488418,1.0,1.0,1.0,1.0
1202091,0.2,0.2,0.2,0.2
1001050,0.25,0.16666666666666666,0.25,0.2
1024885,0.5,1.0,0.5,0.6666666666666666
1236738,0.3333333333333333,0.1111111111111111,0.3333333333333333,0.16666666666666666
1734387,0.5,0.25,0.5,0.3333333333333333
1890430,0.5,0.25,0.5,0.3333333333333333
1360941,1.0,1.0,1.0,1.0
1284958,1.0,1.0,1.0,1.0
1360710,0.5,0.75,0.5,0.5833333333333333
1408923,0.0,0.0,0.0,0.0
1317087,0.0,0.0,0.0,0.0
1074235,0.0,0.0,0.0,0.0
1012585,0.0,0.0,0.0,0.0
1282569,1.0,1.0,1.0,1.0
1250023,0.3333333333333333,0.3333333333333333,0.3333333333333333,0.3333333333333333
1220398,0.5,1.0,0.5,0.6666666666666666
1177374,0.0,0.0,0.0,0.0
1392818,0.6666666666666666,0.4444444444444444,0.6666666666666666,0.5333333333333333
1241148,0.3333333333333333,0.16666666666666666,0.3333333333333333,0.2222222222222222
1773590,0.6666666666666666,0.8333333333333334,0.6666666666666666,0.6666666666666666
1164478,0.5,0.25,0.5,0.3333333333333333
1507289,0.6666666666666666,0.4444444444444444,0.6666666666666666,0.5333333333333333
1249023,1.0,1.0,1.0,1.0
1503238,0.5,0.25,0.5,0.3333333333333333
1361009,0.6666666666666666,0.8333333333333334,0.6666666666666666,0.6666666666666666
1153429,0.3333333333333333,0.1111111111111111,0.3333333333333333,0.16666666666666666
1360117,0.6666666666666666,0.8333333333333334,0.6666666666666666,0.6666666666666666
1272600,0.3333333333333333,0.3333333333333333,0.3333333333333333,0.3333333333333333
1008396,1.0,1.0,1.0,1.0
1354038,0.3333333333333333,0.1111111111111111,0.3333333333333333,0.16666666666666666
2039619,0.5,0.25,0.5,0.3333333333333333
1225944,0.0,0.0,0.0,0.0
1649146,0.3333333333333333,0.1111111111111111,0.3333333333333333,0.16666666666666666
1358785,0.0,0.0,0.0,0.0
1220924,0.5,0.3333333333333333,0.5,0.4
1364900,1.0,1.0,1.0,1.0
1354621,0.0,0.0,0.0,0.0
1021220,0.6666666666666666,0.4444444444444444,0.6666666666666666,0.5333333333333333
1576268,0.3333333333333333,0.3333333333333333,0.3333333333333333,0.3333333333333333
1253146,0.5,1.0,0.5,0.6666666666666666
1335034,0.6666666666666666,0.4444444444444444,0.6666666666666666,0.5333333333333333
1404383,0.6666666666666666,0.8333333333333334,0.6666666666666666,0.6666666666666666
1079694,0.3333333333333333,0.3333333333333333,0.3333333333333333,0.3333333333333333
1062049,0.6666666666666666,0.8333333333333334,0.6666666666666666,0.6666666666666666
1062080,1.0,1.0,1.0,1.0
1359948,1.0,1.0,1.0,1.0
1354524,0.3333333333333333,0.1111111111111111,0.3333333333333333,0.16666666666666666
1357875,1.0,1.0,1.0,1.0
1526303,0.5,0.25,0.5,0.3333333333333333
1231856,0.5,0.5833333333333334,0.5,0.4583333333333333
1592687,0.6666666666666666,0.8333333333333334,0.6666666666666666,0.6666666666666666
1225211,0.3333333333333333,0.3333333333333333,0.3333333333333333,0.3333333333333333
1226217,0.3333333333333333,0.1111111111111111,0.3333333333333333,0.16666666666666666
1245971,0.6666666666666666,0.4444444444444444,0.6666666666666666,0.5333333333333333
1280880,0.6666666666666666,0.8333333333333334,0.6666666666666666,0.6666666666666666
1327643,0.6666666666666666,0.4444444444444444,0.6666666666666666,0.5333333333333333
1360951,1.0,1.0,1.0,1.0
1269822,0.0,0.0,0.0,0.0
1252960,0.3333333333333333,0.6666666666666666,0.3333333333333333,0.4444444444444444
1199905,0.3333333333333333,0.1111111111111111,0.3333333333333333,0.16666666666666666
1236079,0.0,0.0,0.0,0.0
1354492,1.0,1.0,1.0,1.0
1087583,0.5,0.25,0.5,0.3333333333333333
1999569,0.0,0.0,0.0,0.0
1952493,1.0,1.0,1.0,1.0
1570445,0.0,0.0,0.0,0.0
1027465,1.0,1.0,1.0,1.0
1279315,0.0,0.0,0.0,0.0
1529775,0.3333333333333333,0.6666666666666666,0.3333333333333333,0.4444444444444444
1207162,0.0,0.0,0.0,0.0
1002096,0.3333333333333333,0.1111111111111111,0.3333333333333333,0.16666666666666666
1330503,1.0,1.0,1.0,1.0
1000928,0.3333333333333333,0.3333333333333333,0.3333333333333333,0.3333333333333333
1317592,0.6666666666666666,0.5,0.6666666666666666,0.5555555555555555
1355914,0.6666666666666666,0.4444444444444444,0.6666666666666666,0.5333333333333333
1242390,0.5,0.25,0.5,0.3333333333333333
1947326,1.0,1.0,1.0,1.0
1013016,0.6666666666666666,0.4444444444444444,0.6666666666666666,0.5333333333333333
1044048,1.0,1.0,1.0,1.0
1007841,0.75,0.5833333333333333,0.75,0.65
1363040,0.3333333333333333,0.1111111111111111,0.3333333333333333,0.16666666666666666
1280299,0.25,0.375,0.25,0.30000000000000004
1298462,0.0,0.0,0.0,0.0
1136745,1.0,1.0,1.0,1.0
1265247,0.5,0.25,0.5,0.3333333333333333
1211171,0.6666666666666666,0.5,0.6666666666666666,0.5555555555555555
2056944,1.0,1.0,1.0,1.0
1318569,0.6666666666666666,0.4444444444444444,0.6666666666666666,0.5333333333333333
1034410,0.6666666666666666,0.6666666666666666,0.6666666666666666,0.6666666666666666
1354133,0.6666666666666666,0.4444444444444444,0.6666666666666666,0.5333333333333333
1330330,0.6666666666666666,0.4444444444444444,0.6666666666666666,0.5333333333333333
1237493,0.6666666666666666,0.4444444444444444,0.6666666666666666,0.5333333333333333
1275387,0.5,0.25,0.5,0.3333333333333333
1256785,0.3333333333333333,0.16666666666666666,0.3333333333333333,0.2222222222222222
1896277,0.5,0.25,0.5,0.3333333333333333
1526560,0.3333333333333333,0.16666666666666666,0.3333333333333333,0.2222222222222222
1280347,1.0,1.0,1.0,1.0
1218527,0.5,0.25,0.5,0.3333333333333333
1574625,1.0,1.0,1.0,1.0
1443382,0.6666666666666666,1.0,0.6666666666666666,0.8000000000000002
1362972,0.0,0.0,0.0,0.0
1013878,1.0,1.0,1.0,1.0
1008614,0.5,0.25,0.5,0.3333333333333333
1037083,1.0,1.0,1.0,1.0
1969783,0.3333333333333333,0.1111111111111111,0.3333333333333333,0.16666666666666666
1212604,0.25,0.25,0.25,0.25
1016719,1.0,1.0,1.0,1.0
